count,name,description,status,usage,daysRange,detailedMessageShown,totalCount,activityCount,clientUnixTime,id2,messengerId,messengerName,unixTime,messageType,latitude,longitude,modelId,showCustomMsg,dateTime,batteryState,hidden
50,2015 Pony Express Re-ride Tracking Page,2015 Pony Express Re-ride Tracking Page,ACTIVE,0,7,TRUE,155,0,0,406631290,0-2452887,Pony Express 2015 reride,1434380347,TRACK,39.75114,-94.86929,SPOT3,Y,2015-06-15T14:59:07+0000,GOOD,0
50,2015 Pony Express Re-ride Tracking Page,2015 Pony Express Re-ride Tracking Page,ACTIVE,0,7,TRUE,55,0,0,406631245,0-2452887,Pony Express 2015 reride,1434380947,TRACK,39.7511,-94.86929,SPOT3,Y,2015-06-15T15:09:07+0000,GOOD,0
50,2015 Pony Express Re-ride Tracking Page,2015 Pony Express Re-ride Tracking Page,ACTIVE,0,7,TRUE,155,0,0,406631245,0-2452887,Pony Express 2015 reride,1434380947,TRACK,39.7511,-94.86929,SPOT3,Y,2015-06-15T15:09:07+0000,GOOD,0
50,2015 Pony Express Re-ride Tracking Page,2015 Pony Express Re-ride Tracking Page,ACTIVE,0,7,TRUE,55,0,0,406634554,0-2452887,Pony Express 2015 reride,1434381485,TRACK,39.75113,-94.86929,SPOT3,Y,2015-06-15T15:18:05+0000,GOOD,0
50,2015 Pony Express Re-ride Tracking Page,2015 Pony Express Re-ride Tracking Page,ACTIVE,0,7,TRUE,155,0,0,406634554,0-2452887,Pony Express 2015 reride,1434381485,TRACK,39.75113,-94.86929,SPOT3,Y,2015-06-15T15:18:05+0000,GOOD,0
50,2015 Pony Express Re-ride Tracking Page,2015 Pony Express Re-ride Tracking Page,ACTIVE,0,7,TRUE,55,0,0,406638517,0-2452887,Pony Express 2015 reride,1434382080,TRACK,39.75117,-94.86923,SPOT3,Y,2015-06-15T15:28:00+0000,GOOD,0
50,2015 Pony Express Re-ride Tracking Page,2015 Pony Express Re-ride Tracking Page,ACTIVE,0,7,TRUE,155,0,0,406638517,0-2452887,Pony Express 2015 reride,1434382080,TRACK,39.75117,-94.86923,SPOT3,Y,2015-06-15T15:28:00+0000,GOOD,0
50,2015 Pony Express Re-ride Tracking Page,2015 Pony Express Re-ride Tracking Page,ACTIVE,0,7,TRUE,55,0,0,406642457,0-2452887,Pony Express 2015 reride,1434382678,TRACK,39.7555,-94.89362,SPOT3,Y,2015-06-15T15:37:58+0000,GOOD,0
50,2015 Pony Express Re-ride Tracking Page,2015 Pony Express Re-ride Tracking Page,ACTIVE,0,7,TRUE,155,0,0,406642457,0-2452887,Pony Express 2015 reride,1434382678,TRACK,39.7555,-94.89362,SPOT3,Y,2015-06-15T15:37:58+0000,GOOD,0
50,2015 Pony Express Re-ride Tracking Page,2015 Pony Express Re-ride Tracking Page,ACTIVE,0,7,TRUE,55,0,0,406646203,0-2452887,Pony Express 2015 reride,1434383274,TRACK,39.75898,-94.92538,SPOT3,Y,2015-06-15T15:47:54+0000,GOOD,0
50,2015 Pony Express Re-ride Tracking Page,2015 Pony Express Re-ride Tracking Page,ACTIVE,0,7,TRUE,155,0,0,406646203,0-2452887,Pony Express 2015 reride,1434383274,TRACK,39.75898,-94.92538,SPOT3,Y,2015-06-15T15:47:54+0000,GOOD,0
50,2015 Pony Express Re-ride Tracking Page,2015 Pony Express Re-ride Tracking Page,ACTIVE,0,7,TRUE,55,0,0,406659260,0-2452887,Pony Express 2015 reride,1434384094,TRACK,39.75796,-94.95376,SPOT3,Y,2015-06-15T16:01:34+0000,GOOD,0
50,2015 Pony Express Re-ride Tracking Page,2015 Pony Express Re-ride Tracking Page,ACTIVE,0,7,TRUE,155,0,0,406659260,0-2452887,Pony Express 2015 reride,1434384094,TRACK,39.75796,-94.95376,SPOT3,Y,2015-06-15T16:01:34+0000,GOOD,0
50,2015 Pony Express Re-ride Tracking Page,2015 Pony Express Re-ride Tracking Page,ACTIVE,0,7,TRUE,55,0,0,406655192,0-2452887,Pony Express 2015 reride,1434384695,TRACK,39.76197,-94.99387,SPOT3,Y,2015-06-15T16:11:35+0000,GOOD,0
50,2015 Pony Express Re-ride Tracking Page,2015 Pony Express Re-ride Tracking Page,ACTIVE,0,7,TRUE,155,0,0,406655192,0-2452887,Pony Express 2015 reride,1434384695,TRACK,39.76197,-94.99387,SPOT3,Y,2015-06-15T16:11:35+0000,GOOD,0
50,2015 Pony Express Re-ride Tracking Page,2015 Pony Express Re-ride Tracking Page,ACTIVE,0,7,TRUE,55,0,0,406659190,0-2452887,Pony Express 2015 reride,1434385294,TRACK,39.76199,-95.01788,SPOT3,Y,2015-06-15T16:21:34+0000,GOOD,0
50,2015 Pony Express Re-ride Tracking Page,2015 Pony Express Re-ride Tracking Page,ACTIVE,0,7,TRUE,155,0,0,406659190,0-2452887,Pony Express 2015 reride,1434385294,TRACK,39.76199,-95.01788,SPOT3,Y,2015-06-15T16:21:34+0000,GOOD,0
50,2015 Pony Express Re-ride Tracking Page,2015 Pony Express Re-ride Tracking Page,ACTIVE,0,7,TRUE,55,0,0,406663190,0-2452887,Pony Express 2015 reride,1434385892,TRACK,39.76192,-95.03806,SPOT3,Y,2015-06-15T16:31:32+0000,GOOD,0
50,2015 Pony Express Re-ride Tracking Page,2015 Pony Express Re-ride Tracking Page,ACTIVE,0,7,TRUE,155,0,0,406663190,0-2452887,Pony Express 2015 reride,1434385892,TRACK,39.76192,-95.03806,SPOT3,Y,2015-06-15T16:31:32+0000,GOOD,0
50,2015 Pony Express Re-ride Tracking Page,2015 Pony Express Re-ride Tracking Page,ACTIVE,0,7,TRUE,55,0,0,406666529,0-2452887,Pony Express 2015 reride,1434386410,TRACK,39.76187,-95.05947,SPOT3,Y,2015-06-15T16:40:10+0000,GOOD,0
50,2015 Pony Express Re-ride Tracking Page,2015 Pony Express Re-ride Tracking Page,ACTIVE,0,7,TRUE,155,0,0,406666529,0-2452887,Pony Express 2015 reride,1434386410,TRACK,39.76187,-95.05947,SPOT3,Y,2015-06-15T16:40:10+0000,GOOD,0
50,2015 Pony Express Re-ride Tracking Page,2015 Pony Express Re-ride Tracking Page,ACTIVE,0,7,TRUE,55,0,0,406673762,0-2452887,Pony Express 2015 reride,1434386859,TRACK,39.76457,-95.07819,SPOT3,Y,2015-06-15T16:47:39+0000,GOOD,0
50,2015 Pony Express Re-ride Tracking Page,2015 Pony Express Re-ride Tracking Page,ACTIVE,0,7,TRUE,155,0,0,406673762,0-2452887,Pony Express 2015 reride,1434386859,TRACK,39.76457,-95.07819,SPOT3,Y,2015-06-15T16:47:39+0000,GOOD,0
50,2015 Pony Express Re-ride Tracking Page,2015 Pony Express Re-ride Tracking Page,ACTIVE,0,7,TRUE,55,0,0,406673721,0-2452887,Pony Express 2015 reride,1434387459,TRACK,39.76895,-95.10702,SPOT3,Y,2015-06-15T16:57:39+0000,GOOD,0
50,2015 Pony Express Re-ride Tracking Page,2015 Pony Express Re-ride Tracking Page,ACTIVE,0,7,TRUE,155,0,0,406673721,0-2452887,Pony Express 2015 reride,1434387459,TRACK,39.76895,-95.10702,SPOT3,Y,2015-06-15T16:57:39+0000,GOOD,0
50,2015 Pony Express Re-ride Tracking Page,2015 Pony Express Re-ride Tracking Page,ACTIVE,0,7,TRUE,55,0,0,406677529,0-2452887,Pony Express 2015 reride,1434388057,TRACK,39.76905,-95.14069,SPOT3,Y,2015-06-15T17:07:37+0000,GOOD,0
50,2015 Pony Express Re-ride Tracking Page,2015 Pony Express Re-ride Tracking Page,ACTIVE,0,7,TRUE,155,0,0,406677529,0-2452887,Pony Express 2015 reride,1434388057,TRACK,39.76905,-95.14069,SPOT3,Y,2015-06-15T17:07:37+0000,GOOD,0
50,2015 Pony Express Re-ride Tracking Page,2015 Pony Express Re-ride Tracking Page,ACTIVE,0,7,TRUE,55,0,0,406682184,0-2452887,Pony Express 2015 reride,1434388740,TRACK,39.75749,-95.15295,SPOT3,Y,2015-06-15T17:19:00+0000,GOOD,0
50,2015 Pony Express Re-ride Tracking Page,2015 Pony Express Re-ride Tracking Page,ACTIVE,0,7,TRUE,155,0,0,406682184,0-2452887,Pony Express 2015 reride,1434388740,TRACK,39.75749,-95.15295,SPOT3,Y,2015-06-15T17:19:00+0000,GOOD,0
50,2015 Pony Express Re-ride Tracking Page,2015 Pony Express Re-ride Tracking Page,ACTIVE,0,7,TRUE,55,0,0,406685836,0-2452887,Pony Express 2015 reride,1434389248,TRACK,39.75464,-95.17621,SPOT3,Y,2015-06-15T17:27:28+0000,GOOD,0
50,2015 Pony Express Re-ride Tracking Page,2015 Pony Express Re-ride Tracking Page,ACTIVE,0,7,TRUE,155,0,0,406685836,0-2452887,Pony Express 2015 reride,1434389248,TRACK,39.75464,-95.17621,SPOT3,Y,2015-06-15T17:27:28+0000,GOOD,0
50,2015 Pony Express Re-ride Tracking Page,2015 Pony Express Re-ride Tracking Page,ACTIVE,0,7,TRUE,55,0,0,406689594,0-2452887,Pony Express 2015 reride,1434389844,TRACK,39.75471,-95.19986,SPOT3,Y,2015-06-15T17:37:24+0000,GOOD,0
50,2015 Pony Express Re-ride Tracking Page,2015 Pony Express Re-ride Tracking Page,ACTIVE,0,7,TRUE,155,0,0,406689594,0-2452887,Pony Express 2015 reride,1434389844,TRACK,39.75471,-95.19986,SPOT3,Y,2015-06-15T17:37:24+0000,GOOD,0
50,2015 Pony Express Re-ride Tracking Page,2015 Pony Express Re-ride Tracking Page,ACTIVE,0,7,TRUE,55,0,0,406693531,0-2452887,Pony Express 2015 reride,1434390440,TRACK,39.75486,-95.22028,SPOT3,Y,2015-06-15T17:47:20+0000,GOOD,0
50,2015 Pony Express Re-ride Tracking Page,2015 Pony Express Re-ride Tracking Page,ACTIVE,0,7,TRUE,155,0,0,406693531,0-2452887,Pony Express 2015 reride,1434390440,TRACK,39.75486,-95.22028,SPOT3,Y,2015-06-15T17:47:20+0000,GOOD,0
50,2015 Pony Express Re-ride Tracking Page,2015 Pony Express Re-ride Tracking Page,ACTIVE,0,7,TRUE,55,0,0,406697674,0-2452887,Pony Express 2015 reride,1434391033,TRACK,39.75488,-95.22324,SPOT3,Y,2015-06-15T17:57:13+0000,GOOD,0
50,2015 Pony Express Re-ride Tracking Page,2015 Pony Express Re-ride Tracking Page,ACTIVE,0,7,TRUE,155,0,0,406697674,0-2452887,Pony Express 2015 reride,1434391033,TRACK,39.75488,-95.22324,SPOT3,Y,2015-06-15T17:57:13+0000,GOOD,0
50,2015 Pony Express Re-ride Tracking Page,2015 Pony Express Re-ride Tracking Page,ACTIVE,0,7,TRUE,55,0,0,406706056,0-2452887,Pony Express 2015 reride,1434391683,TRACK,39.7405,-95.23896,SPOT3,Y,2015-06-15T18:08:03+0000,GOOD,0
50,2015 Pony Express Re-ride Tracking Page,2015 Pony Express Re-ride Tracking Page,ACTIVE,0,7,TRUE,155,0,0,406706056,0-2452887,Pony Express 2015 reride,1434391683,TRACK,39.7405,-95.23896,SPOT3,Y,2015-06-15T18:08:03+0000,GOOD,0
50,2015 Pony Express Re-ride Tracking Page,2015 Pony Express Re-ride Tracking Page,ACTIVE,0,7,TRUE,55,0,0,406706005,0-2452887,Pony Express 2015 reride,1434392283,TRACK,39.7405,-95.2388,SPOT3,Y,2015-06-15T18:18:03+0000,GOOD,0
50,2015 Pony Express Re-ride Tracking Page,2015 Pony Express Re-ride Tracking Page,ACTIVE,0,7,TRUE,155,0,0,406706005,0-2452887,Pony Express 2015 reride,1434392283,TRACK,39.7405,-95.2388,SPOT3,Y,2015-06-15T18:18:03+0000,GOOD,0
50,2015 Pony Express Re-ride Tracking Page,2015 Pony Express Re-ride Tracking Page,ACTIVE,0,7,TRUE,55,0,0,406713432,0-2452887,Pony Express 2015 reride,1434392824,TRACK,39.74053,-95.23904,SPOT3,Y,2015-06-15T18:27:04+0000,GOOD,0
50,2015 Pony Express Re-ride Tracking Page,2015 Pony Express Re-ride Tracking Page,ACTIVE,0,7,TRUE,155,0,0,406713432,0-2452887,Pony Express 2015 reride,1434392824,TRACK,39.74053,-95.23904,SPOT3,Y,2015-06-15T18:27:04+0000,GOOD,0
50,2015 Pony Express Re-ride Tracking Page,2015 Pony Express Re-ride Tracking Page,ACTIVE,0,7,TRUE,55,0,0,406713389,0-2452887,Pony Express 2015 reride,1434393424,TRACK,39.73641,-95.26967,SPOT3,Y,2015-06-15T18:37:04+0000,GOOD,0
50,2015 Pony Express Re-ride Tracking Page,2015 Pony Express Re-ride Tracking Page,ACTIVE,0,7,TRUE,155,0,0,406713389,0-2452887,Pony Express 2015 reride,1434393424,TRACK,39.73641,-95.26967,SPOT3,Y,2015-06-15T18:37:04+0000,GOOD,0
50,2015 Pony Express Re-ride Tracking Page,2015 Pony Express Re-ride Tracking Page,ACTIVE,0,7,TRUE,55,0,0,406725579,0-2452887,Pony Express 2015 reride,1434394013,TRACK,39.72569,-95.28353,SPOT3,Y,2015-06-15T18:46:53+0000,GOOD,0
50,2015 Pony Express Re-ride Tracking Page,2015 Pony Express Re-ride Tracking Page,ACTIVE,0,7,TRUE,155,0,0,406725579,0-2452887,Pony Express 2015 reride,1434394013,TRACK,39.72569,-95.28353,SPOT3,Y,2015-06-15T18:46:53+0000,GOOD,0
50,2015 Pony Express Re-ride Tracking Page,2015 Pony Express Re-ride Tracking Page,ACTIVE,0,7,TRUE,55,0,0,406721380,0-2452887,Pony Express 2015 reride,1434394617,TRACK,39.72005,-95.30215,SPOT3,Y,2015-06-15T18:56:57+0000,GOOD,0
50,2015 Pony Express Re-ride Tracking Page,2015 Pony Express Re-ride Tracking Page,ACTIVE,0,7,TRUE,155,0,0,406721380,0-2452887,Pony Express 2015 reride,1434394617,TRACK,39.72005,-95.30215,SPOT3,Y,2015-06-15T18:56:57+0000,GOOD,0
50,2015 Pony Express Re-ride Tracking Page,2015 Pony Express Re-ride Tracking Page,ACTIVE,0,7,TRUE,55,0,0,406725520,0-2452887,Pony Express 2015 reride,1434395213,TRACK,39.70561,-95.32104,SPOT3,Y,2015-06-15T19:06:53+0000,GOOD,0
50,2015 Pony Express Re-ride Tracking Page,2015 Pony Express Re-ride Tracking Page,ACTIVE,0,7,TRUE,155,0,0,406725520,0-2452887,Pony Express 2015 reride,1434395213,TRACK,39.70561,-95.32104,SPOT3,Y,2015-06-15T19:06:53+0000,GOOD,0
50,2015 Pony Express Re-ride Tracking Page,2015 Pony Express Re-ride Tracking Page,ACTIVE,0,7,TRUE,55,0,0,406730768,0-2452887,Pony Express 2015 reride,1434396031,TRACK,39.68217,-95.33664,SPOT3,Y,2015-06-15T19:20:31+0000,GOOD,0
50,2015 Pony Express Re-ride Tracking Page,2015 Pony Express Re-ride Tracking Page,ACTIVE,0,7,TRUE,155,0,0,406730768,0-2452887,Pony Express 2015 reride,1434396031,TRACK,39.68217,-95.33664,SPOT3,Y,2015-06-15T19:20:31+0000,GOOD,0
50,2015 Pony Express Re-ride Tracking Page,2015 Pony Express Re-ride Tracking Page,ACTIVE,0,7,TRUE,55,0,0,406733388,0-2452887,Pony Express 2015 reride,1434396406,TRACK,39.66781,-95.33975,SPOT3,Y,2015-06-15T19:26:46+0000,GOOD,0
50,2015 Pony Express Re-ride Tracking Page,2015 Pony Express Re-ride Tracking Page,ACTIVE,0,7,TRUE,155,0,0,406733388,0-2452887,Pony Express 2015 reride,1434396406,TRACK,39.66781,-95.33975,SPOT3,Y,2015-06-15T19:26:46+0000,GOOD,0
50,2015 Pony Express Re-ride Tracking Page,2015 Pony Express Re-ride Tracking Page,ACTIVE,0,7,TRUE,55,0,0,406737799,0-2452887,Pony Express 2015 reride,1434397023,TRACK,39.66751,-95.37255,SPOT3,Y,2015-06-15T19:37:03+0000,GOOD,0
50,2015 Pony Express Re-ride Tracking Page,2015 Pony Express Re-ride Tracking Page,ACTIVE,0,7,TRUE,155,0,0,406737799,0-2452887,Pony Express 2015 reride,1434397023,TRACK,39.66751,-95.37255,SPOT3,Y,2015-06-15T19:37:03+0000,GOOD,0
50,2015 Pony Express Re-ride Tracking Page,2015 Pony Express Re-ride Tracking Page,ACTIVE,0,7,TRUE,55,0,0,406741485,0-2452887,Pony Express 2015 reride,1434397595,TRACK,39.66752,-95.39937,SPOT3,Y,2015-06-15T19:46:35+0000,GOOD,0
50,2015 Pony Express Re-ride Tracking Page,2015 Pony Express Re-ride Tracking Page,ACTIVE,0,7,TRUE,155,0,0,406741485,0-2452887,Pony Express 2015 reride,1434397595,TRACK,39.66752,-95.39937,SPOT3,Y,2015-06-15T19:46:35+0000,GOOD,0
50,2015 Pony Express Re-ride Tracking Page,2015 Pony Express Re-ride Tracking Page,ACTIVE,0,7,TRUE,55,0,0,406745444,0-2452887,Pony Express 2015 reride,1434398191,TRACK,39.66732,-95.42919,SPOT3,Y,2015-06-15T19:56:31+0000,GOOD,0
50,2015 Pony Express Re-ride Tracking Page,2015 Pony Express Re-ride Tracking Page,ACTIVE,0,7,TRUE,155,0,0,406745444,0-2452887,Pony Express 2015 reride,1434398191,TRACK,39.66732,-95.42919,SPOT3,Y,2015-06-15T19:56:31+0000,GOOD,0
50,2015 Pony Express Re-ride Tracking Page,2015 Pony Express Re-ride Tracking Page,ACTIVE,0,7,TRUE,55,0,0,406749710,0-2452887,Pony Express 2015 reride,1434398793,TRACK,39.65287,-95.43622,SPOT3,Y,2015-06-15T20:06:33+0000,GOOD,0
50,2015 Pony Express Re-ride Tracking Page,2015 Pony Express Re-ride Tracking Page,ACTIVE,0,7,TRUE,155,0,0,406749710,0-2452887,Pony Express 2015 reride,1434398793,TRACK,39.65287,-95.43622,SPOT3,Y,2015-06-15T20:06:33+0000,GOOD,0
50,2015 Pony Express Re-ride Tracking Page,2015 Pony Express Re-ride Tracking Page,ACTIVE,0,7,TRUE,55,0,0,406753580,0-2452887,Pony Express 2015 reride,1434399392,TRACK,39.65287,-95.4603,SPOT3,Y,2015-06-15T20:16:32+0000,GOOD,0
50,2015 Pony Express Re-ride Tracking Page,2015 Pony Express Re-ride Tracking Page,ACTIVE,0,7,TRUE,155,0,0,406753580,0-2452887,Pony Express 2015 reride,1434399392,TRACK,39.65287,-95.4603,SPOT3,Y,2015-06-15T20:16:32+0000,GOOD,0
50,2015 Pony Express Re-ride Tracking Page,2015 Pony Express Re-ride Tracking Page,ACTIVE,0,7,TRUE,55,0,0,406757762,0-2452887,Pony Express 2015 reride,1434400024,TRACK,39.64621,-95.48975,SPOT3,Y,2015-06-15T20:27:04+0000,GOOD,0
50,2015 Pony Express Re-ride Tracking Page,2015 Pony Express Re-ride Tracking Page,ACTIVE,0,7,TRUE,155,0,0,406757762,0-2452887,Pony Express 2015 reride,1434400024,TRACK,39.64621,-95.48975,SPOT3,Y,2015-06-15T20:27:04+0000,GOOD,0
50,2015 Pony Express Re-ride Tracking Page,2015 Pony Express Re-ride Tracking Page,ACTIVE,0,7,TRUE,55,0,0,406761623,0-2452887,Pony Express 2015 reride,1434400587,TRACK,39.64421,-95.4993,SPOT3,Y,2015-06-15T20:36:27+0000,GOOD,0
50,2015 Pony Express Re-ride Tracking Page,2015 Pony Express Re-ride Tracking Page,ACTIVE,0,7,TRUE,155,0,0,406761623,0-2452887,Pony Express 2015 reride,1434400587,TRACK,39.64421,-95.4993,SPOT3,Y,2015-06-15T20:36:27+0000,GOOD,0
50,2015 Pony Express Re-ride Tracking Page,2015 Pony Express Re-ride Tracking Page,ACTIVE,0,7,TRUE,55,0,0,406765396,0-2452887,Pony Express 2015 reride,1434401183,TRACK,39.64413,-95.49918,SPOT3,Y,2015-06-15T20:46:23+0000,GOOD,0
50,2015 Pony Express Re-ride Tracking Page,2015 Pony Express Re-ride Tracking Page,ACTIVE,0,7,TRUE,155,0,0,406765396,0-2452887,Pony Express 2015 reride,1434401183,TRACK,39.64413,-95.49918,SPOT3,Y,2015-06-15T20:46:23+0000,GOOD,0
50,2015 Pony Express Re-ride Tracking Page,2015 Pony Express Re-ride Tracking Page,ACTIVE,0,7,TRUE,55,0,0,406773034,0-2452887,Pony Express 2015 reride,1434401775,TRACK,39.64987,-95.52751,SPOT3,Y,2015-06-15T20:56:15+0000,GOOD,0
50,2015 Pony Express Re-ride Tracking Page,2015 Pony Express Re-ride Tracking Page,ACTIVE,0,7,TRUE,155,0,0,406773034,0-2452887,Pony Express 2015 reride,1434401775,TRACK,39.64987,-95.52751,SPOT3,Y,2015-06-15T20:56:15+0000,GOOD,0
50,2015 Pony Express Re-ride Tracking Page,2015 Pony Express Re-ride Tracking Page,ACTIVE,0,7,TRUE,55,0,0,406773001,0-2452887,Pony Express 2015 reride,1434402375,TRACK,39.65948,-95.52579,SPOT3,Y,2015-06-15T21:06:15+0000,GOOD,0
50,2015 Pony Express Re-ride Tracking Page,2015 Pony Express Re-ride Tracking Page,ACTIVE,0,7,TRUE,155,0,0,406773001,0-2452887,Pony Express 2015 reride,1434402375,TRACK,39.65948,-95.52579,SPOT3,Y,2015-06-15T21:06:15+0000,GOOD,0
50,2015 Pony Express Re-ride Tracking Page,2015 Pony Express Re-ride Tracking Page,ACTIVE,0,7,TRUE,55,0,0,406776632,0-2452887,Pony Express 2015 reride,1434402971,TRACK,39.65955,-95.52563,SPOT3,Y,2015-06-15T21:16:11+0000,GOOD,0
50,2015 Pony Express Re-ride Tracking Page,2015 Pony Express Re-ride Tracking Page,ACTIVE,0,7,TRUE,155,0,0,406776632,0-2452887,Pony Express 2015 reride,1434402971,TRACK,39.65955,-95.52563,SPOT3,Y,2015-06-15T21:16:11+0000,GOOD,0
50,2015 Pony Express Re-ride Tracking Page,2015 Pony Express Re-ride Tracking Page,ACTIVE,0,7,TRUE,55,0,0,406781034,0-2452887,Pony Express 2015 reride,1434403655,TRACK,39.65931,-95.5256,SPOT3,Y,2015-06-15T21:27:35+0000,GOOD,0
50,2015 Pony Express Re-ride Tracking Page,2015 Pony Express Re-ride Tracking Page,ACTIVE,0,7,TRUE,155,0,0,406781034,0-2452887,Pony Express 2015 reride,1434403655,TRACK,39.65931,-95.5256,SPOT3,Y,2015-06-15T21:27:35+0000,GOOD,0
50,2015 Pony Express Re-ride Tracking Page,2015 Pony Express Re-ride Tracking Page,ACTIVE,0,7,TRUE,55,0,0,406784290,0-2452887,Pony Express 2015 reride,1434404161,TRACK,39.65919,-95.5257,SPOT3,Y,2015-06-15T21:36:01+0000,GOOD,0
50,2015 Pony Express Re-ride Tracking Page,2015 Pony Express Re-ride Tracking Page,ACTIVE,0,7,TRUE,155,0,0,406784290,0-2452887,Pony Express 2015 reride,1434404161,TRACK,39.65919,-95.5257,SPOT3,Y,2015-06-15T21:36:01+0000,GOOD,0
50,2015 Pony Express Re-ride Tracking Page,2015 Pony Express Re-ride Tracking Page,ACTIVE,0,7,TRUE,55,0,0,406787976,0-2452887,Pony Express 2015 reride,1434404758,TRACK,39.66746,-95.54599,SPOT3,Y,2015-06-15T21:45:58+0000,GOOD,0
50,2015 Pony Express Re-ride Tracking Page,2015 Pony Express Re-ride Tracking Page,ACTIVE,0,7,TRUE,155,0,0,406787976,0-2452887,Pony Express 2015 reride,1434404758,TRACK,39.66746,-95.54599,SPOT3,Y,2015-06-15T21:45:58+0000,GOOD,0
50,2015 Pony Express Re-ride Tracking Page,2015 Pony Express Re-ride Tracking Page,ACTIVE,0,7,TRUE,55,0,0,406791456,0-2452887,Pony Express 2015 reride,1434405356,TRACK,39.6674,-95.57384,SPOT3,Y,2015-06-15T21:55:56+0000,GOOD,0
50,2015 Pony Express Re-ride Tracking Page,2015 Pony Express Re-ride Tracking Page,ACTIVE,0,7,TRUE,155,0,0,406791456,0-2452887,Pony Express 2015 reride,1434405356,TRACK,39.6674,-95.57384,SPOT3,Y,2015-06-15T21:55:56+0000,GOOD,0
50,2015 Pony Express Re-ride Tracking Page,2015 Pony Express Re-ride Tracking Page,ACTIVE,0,7,TRUE,55,0,0,406803690,0-2452887,Pony Express 2015 reride,1434406168,TRACK,39.66747,-95.60072,SPOT3,Y,2015-06-15T22:09:28+0000,GOOD,0
50,2015 Pony Express Re-ride Tracking Page,2015 Pony Express Re-ride Tracking Page,ACTIVE,0,7,TRUE,155,0,0,406803690,0-2452887,Pony Express 2015 reride,1434406168,TRACK,39.66747,-95.60072,SPOT3,Y,2015-06-15T22:09:28+0000,GOOD,0
50,2015 Pony Express Re-ride Tracking Page,2015 Pony Express Re-ride Tracking Page,ACTIVE,0,7,TRUE,55,0,0,406803688,0-2452887,Pony Express 2015 reride,1434406768,TRACK,39.68189,-95.60467,SPOT3,Y,2015-06-15T22:19:28+0000,GOOD,0
50,2015 Pony Express Re-ride Tracking Page,2015 Pony Express Re-ride Tracking Page,ACTIVE,0,7,TRUE,155,0,0,406803688,0-2452887,Pony Express 2015 reride,1434406768,TRACK,39.68189,-95.60467,SPOT3,Y,2015-06-15T22:19:28+0000,GOOD,0
50,2015 Pony Express Re-ride Tracking Page,2015 Pony Express Re-ride Tracking Page,ACTIVE,0,7,TRUE,55,0,0,406803654,0-2452887,Pony Express 2015 reride,1434407368,TRACK,39.68189,-95.63162,SPOT3,Y,2015-06-15T22:29:28+0000,GOOD,0
50,2015 Pony Express Re-ride Tracking Page,2015 Pony Express Re-ride Tracking Page,ACTIVE,0,7,TRUE,155,0,0,406803654,0-2452887,Pony Express 2015 reride,1434407368,TRACK,39.68189,-95.63162,SPOT3,Y,2015-06-15T22:29:28+0000,GOOD,0
50,2015 Pony Express Re-ride Tracking Page,2015 Pony Express Re-ride Tracking Page,ACTIVE,0,7,TRUE,55,0,0,406805664,0-2452887,Pony Express 2015 reride,1434407739,TRACK,39.68185,-95.65424,SPOT3,Y,2015-06-15T22:35:39+0000,GOOD,0
50,2015 Pony Express Re-ride Tracking Page,2015 Pony Express Re-ride Tracking Page,ACTIVE,0,7,TRUE,155,0,0,406805664,0-2452887,Pony Express 2015 reride,1434407739,TRACK,39.68185,-95.65424,SPOT3,Y,2015-06-15T22:35:39+0000,GOOD,0
50,2015 Pony Express Re-ride Tracking Page,2015 Pony Express Re-ride Tracking Page,ACTIVE,0,7,TRUE,55,0,0,406812715,0-2452887,Pony Express 2015 reride,1434408326,TRACK,39.69637,-95.66951,SPOT3,Y,2015-06-15T22:45:26+0000,GOOD,0
50,2015 Pony Express Re-ride Tracking Page,2015 Pony Express Re-ride Tracking Page,ACTIVE,0,7,TRUE,155,0,0,406812715,0-2452887,Pony Express 2015 reride,1434408326,TRACK,39.69637,-95.66951,SPOT3,Y,2015-06-15T22:45:26+0000,GOOD,0
50,2015 Pony Express Re-ride Tracking Page,2015 Pony Express Re-ride Tracking Page,ACTIVE,0,7,TRUE,55,0,0,406812682,0-2452887,Pony Express 2015 reride,1434408926,TRACK,39.69654,-95.70187,SPOT3,Y,2015-06-15T22:55:26+0000,GOOD,0
50,2015 Pony Express Re-ride Tracking Page,2015 Pony Express Re-ride Tracking Page,ACTIVE,0,7,TRUE,155,0,0,406812682,0-2452887,Pony Express 2015 reride,1434408926,TRACK,39.69654,-95.70187,SPOT3,Y,2015-06-15T22:55:26+0000,GOOD,0
50,2015 Pony Express Re-ride Tracking Page,2015 Pony Express Re-ride Tracking Page,ACTIVE,0,7,TRUE,55,0,0,406815966,0-2452887,Pony Express 2015 reride,1434409517,TRACK,39.70583,-95.71378,SPOT3,Y,2015-06-15T23:05:17+0000,GOOD,0
50,2015 Pony Express Re-ride Tracking Page,2015 Pony Express Re-ride Tracking Page,ACTIVE,0,7,TRUE,155,0,0,406815966,0-2452887,Pony Express 2015 reride,1434409517,TRACK,39.70583,-95.71378,SPOT3,Y,2015-06-15T23:05:17+0000,GOOD,0
50,2015 Pony Express Re-ride Tracking Page,2015 Pony Express Re-ride Tracking Page,ACTIVE,0,7,TRUE,55,0,0,406819373,0-2452887,Pony Express 2015 reride,1434410113,TRACK,39.71114,-95.7305,SPOT3,Y,2015-06-15T23:15:13+0000,GOOD,0
50,2015 Pony Express Re-ride Tracking Page,2015 Pony Express Re-ride Tracking Page,ACTIVE,0,7,TRUE,144,0,0,406819373,0-2452887,Pony Express 2015 reride,1434410113,TRACK,39.71114,-95.7305,SPOT3,Y,2015-06-15T23:15:13+0000,GOOD,0
50,2015 Pony Express Re-ride Tracking Page,2015 Pony Express Re-ride Tracking Page,ACTIVE,0,7,TRUE,144,0,0,406822339,0-2452887,Pony Express 2015 reride,1434410706,TRACK,39.71111,-95.73056,SPOT3,Y,2015-06-15T23:25:06+0000,GOOD,0
50,2015 Pony Express Re-ride Tracking Page,2015 Pony Express Re-ride Tracking Page,ACTIVE,0,7,TRUE,144,0,0,406826021,0-2452887,Pony Express 2015 reride,1434411365,TRACK,39.71114,-95.73739,SPOT3,Y,2015-06-15T23:36:05+0000,GOOD,0
50,2015 Pony Express Re-ride Tracking Page,2015 Pony Express Re-ride Tracking Page,ACTIVE,0,7,TRUE,144,0,0,406831739,0-2452887,Pony Express 2015 reride,1434411886,TRACK,39.71842,-95.75069,SPOT3,Y,2015-06-15T23:44:46+0000,GOOD,0
50,2015 Pony Express Re-ride Tracking Page,2015 Pony Express Re-ride Tracking Page,ACTIVE,0,7,TRUE,144,0,0,406831711,0-2452887,Pony Express 2015 reride,1434412486,TRACK,39.71838,-95.79327,SPOT3,Y,2015-06-15T23:54:46+0000,GOOD,0
50,2015 Pony Express Re-ride Tracking Page,2015 Pony Express Re-ride Tracking Page,ACTIVE,0,7,TRUE,144,0,0,406834965,0-2452887,Pony Express 2015 reride,1434413080,TRACK,39.72588,-95.80771,SPOT3,Y,2015-06-16T00:04:40+0000,GOOD,0
50,2015 Pony Express Re-ride Tracking Page,2015 Pony Express Re-ride Tracking Page,ACTIVE,0,7,TRUE,144,0,0,406837942,0-2452887,Pony Express 2015 reride,1434413675,TRACK,39.74004,-95.82626,SPOT3,Y,2015-06-16T00:14:35+0000,GOOD,0
50,2015 Pony Express Re-ride Tracking Page,2015 Pony Express Re-ride Tracking Page,ACTIVE,0,7,TRUE,144,0,0,406840844,0-2452887,Pony Express 2015 reride,1434414275,TRACK,39.74001,-95.85468,SPOT3,Y,2015-06-16T00:24:35+0000,GOOD,0
50,2015 Pony Express Re-ride Tracking Page,2015 Pony Express Re-ride Tracking Page,ACTIVE,0,7,TRUE,144,0,0,406849360,0-2452887,Pony Express 2015 reride,1434414854,TRACK,39.75448,-95.86466,SPOT3,Y,2015-06-16T00:34:14+0000,GOOD,0
50,2015 Pony Express Re-ride Tracking Page,2015 Pony Express Re-ride Tracking Page,ACTIVE,0,7,TRUE,144,0,0,406849359,0-2452887,Pony Express 2015 reride,1434415454,TRACK,39.76877,-95.88329,SPOT3,Y,2015-06-16T00:44:14+0000,GOOD,0
50,2015 Pony Express Re-ride Tracking Page,2015 Pony Express Re-ride Tracking Page,ACTIVE,0,7,TRUE,144,0,0,406849326,0-2452887,Pony Express 2015 reride,1434416054,TRACK,39.76894,-95.90886,SPOT3,Y,2015-06-16T00:54:14+0000,GOOD,0
50,2015 Pony Express Re-ride Tracking Page,2015 Pony Express Re-ride Tracking Page,ACTIVE,0,7,TRUE,144,0,0,406851895,0-2452887,Pony Express 2015 reride,1434416648,TRACK,39.78111,-95.92046,SPOT3,Y,2015-06-16T01:04:08+0000,GOOD,0
50,2015 Pony Express Re-ride Tracking Page,2015 Pony Express Re-ride Tracking Page,ACTIVE,0,7,TRUE,144,0,0,406855081,0-2452887,Pony Express 2015 reride,1434417244,TRACK,39.79362,-95.93926,SPOT3,Y,2015-06-16T01:14:04+0000,GOOD,0
50,2015 Pony Express Re-ride Tracking Page,2015 Pony Express Re-ride Tracking Page,ACTIVE,0,7,TRUE,144,0,0,406857989,0-2452887,Pony Express 2015 reride,1434417840,TRACK,39.79799,-95.97659,SPOT3,Y,2015-06-16T01:24:00+0000,GOOD,0
50,2015 Pony Express Re-ride Tracking Page,2015 Pony Express Re-ride Tracking Page,ACTIVE,0,7,TRUE,144,0,0,406860672,0-2452887,Pony Express 2015 reride,1434418497,TRACK,39.798,-95.97647,SPOT3,Y,2015-06-16T01:34:57+0000,GOOD,0
50,2015 Pony Express Re-ride Tracking Page,2015 Pony Express Re-ride Tracking Page,ACTIVE,0,7,TRUE,144,0,0,406862739,0-2452887,Pony Express 2015 reride,1434419032,TRACK,39.82629,-95.9769,SPOT3,Y,2015-06-16T01:43:52+0000,GOOD,0
50,2015 Pony Express Re-ride Tracking Page,2015 Pony Express Re-ride Tracking Page,ACTIVE,0,7,TRUE,144,0,0,406865463,0-2452887,Pony Express 2015 reride,1434419646,TRACK,39.82674,-95.99588,SPOT3,Y,2015-06-16T01:54:06+0000,GOOD,0
50,2015 Pony Express Re-ride Tracking Page,2015 Pony Express Re-ride Tracking Page,ACTIVE,0,7,TRUE,144,0,0,406867774,0-2452887,Pony Express 2015 reride,1434420226,TRACK,39.82682,-96.02148,SPOT3,Y,2015-06-16T02:03:46+0000,GOOD,0
50,2015 Pony Express Re-ride Tracking Page,2015 Pony Express Re-ride Tracking Page,ACTIVE,0,7,TRUE,144,0,0,406870065,0-2452887,Pony Express 2015 reride,1434420826,TRACK,39.83278,-96.0477,SPOT3,Y,2015-06-16T02:13:46+0000,GOOD,0
50,2015 Pony Express Re-ride Tracking Page,2015 Pony Express Re-ride Tracking Page,ACTIVE,0,7,TRUE,144,0,0,406872513,0-2452887,Pony Express 2015 reride,1434421421,TRACK,39.83426,-96.06088,SPOT3,Y,2015-06-16T02:23:41+0000,GOOD,0
50,2015 Pony Express Re-ride Tracking Page,2015 Pony Express Re-ride Tracking Page,ACTIVE,0,7,TRUE,144,0,0,406874814,0-2452887,Pony Express 2015 reride,1434422077,TRACK,39.83424,-96.06104,SPOT3,Y,2015-06-16T02:34:37+0000,GOOD,0
50,2015 Pony Express Re-ride Tracking Page,2015 Pony Express Re-ride Tracking Page,ACTIVE,0,7,TRUE,144,0,0,406876816,0-2452887,Pony Express 2015 reride,1434422618,TRACK,39.83612,-96.07489,SPOT3,Y,2015-06-16T02:43:38+0000,GOOD,0
50,2015 Pony Express Re-ride Tracking Page,2015 Pony Express Re-ride Tracking Page,ACTIVE,0,7,TRUE,144,0,0,406879098,0-2452887,Pony Express 2015 reride,1434423214,TRACK,39.84182,-96.08093,SPOT3,Y,2015-06-16T02:53:34+0000,GOOD,0
50,2015 Pony Express Re-ride Tracking Page,2015 Pony Express Re-ride Tracking Page,ACTIVE,0,7,TRUE,144,0,0,406881140,0-2452887,Pony Express 2015 reride,1434423811,TRACK,39.84929,-96.08942,SPOT3,Y,2015-06-16T03:03:31+0000,GOOD,0
50,2015 Pony Express Re-ride Tracking Page,2015 Pony Express Re-ride Tracking Page,ACTIVE,0,7,TRUE,144,0,0,406883417,0-2452887,Pony Express 2015 reride,1434424407,TRACK,39.86802,-96.08951,SPOT3,Y,2015-06-16T03:13:27+0000,GOOD,0
50,2015 Pony Express Re-ride Tracking Page,2015 Pony Express Re-ride Tracking Page,ACTIVE,0,7,TRUE,144,0,0,406885474,0-2452887,Pony Express 2015 reride,1434425003,TRACK,39.88501,-96.08972,SPOT3,Y,2015-06-16T03:23:23+0000,GOOD,0
50,2015 Pony Express Re-ride Tracking Page,2015 Pony Express Re-ride Tracking Page,ACTIVE,0,7,TRUE,144,0,0,406887929,0-2452887,Pony Express 2015 reride,1434425703,TRACK,39.88547,-96.1207,SPOT3,Y,2015-06-16T03:35:03+0000,GOOD,0
50,2015 Pony Express Re-ride Tracking Page,2015 Pony Express Re-ride Tracking Page,ACTIVE,0,7,TRUE,144,0,0,406889927,0-2452887,Pony Express 2015 reride,1434426305,TRACK,39.8855,-96.14645,SPOT3,Y,2015-06-16T03:45:05+0000,GOOD,0
50,2015 Pony Express Re-ride Tracking Page,2015 Pony Express Re-ride Tracking Page,ACTIVE,0,7,TRUE,144,0,0,406891515,0-2452887,Pony Express 2015 reride,1434426799,TRACK,39.88548,-96.16266,SPOT3,Y,2015-06-16T03:53:19+0000,GOOD,0
50,2015 Pony Express Re-ride Tracking Page,2015 Pony Express Re-ride Tracking Page,ACTIVE,0,7,TRUE,144,0,0,406893596,0-2452887,Pony Express 2015 reride,1434427395,TRACK,39.88524,-96.1828,SPOT3,Y,2015-06-16T04:03:15+0000,GOOD,0
50,2015 Pony Express Re-ride Tracking Page,2015 Pony Express Re-ride Tracking Page,ACTIVE,0,7,TRUE,144,0,0,406895399,0-2452887,Pony Express 2015 reride,1434427992,TRACK,39.87088,-96.19843,SPOT3,Y,2015-06-16T04:13:12+0000,GOOD,0
50,2015 Pony Express Re-ride Tracking Page,2015 Pony Express Re-ride Tracking Page,ACTIVE,0,7,TRUE,144,0,0,406897191,0-2452887,Pony Express 2015 reride,1434428589,TRACK,39.8708,-96.22732,SPOT3,Y,2015-06-16T04:23:09+0000,GOOD,0
50,2015 Pony Express Re-ride Tracking Page,2015 Pony Express Re-ride Tracking Page,ACTIVE,0,7,TRUE,144,0,0,406899744,0-2452887,Pony Express 2015 reride,1434429354,TRACK,39.87088,-96.25949,SPOT3,Y,2015-06-16T04:35:54+0000,GOOD,0
50,2015 Pony Express Re-ride Tracking Page,2015 Pony Express Re-ride Tracking Page,ACTIVE,0,7,TRUE,144,0,0,406900955,0-2452887,Pony Express 2015 reride,1434429783,TRACK,39.87092,-96.27469,SPOT3,Y,2015-06-16T04:43:03+0000,GOOD,0
50,2015 Pony Express Re-ride Tracking Page,2015 Pony Express Re-ride Tracking Page,ACTIVE,0,7,TRUE,144,0,0,406902753,0-2452887,Pony Express 2015 reride,1434430379,TRACK,39.87091,-96.2876,SPOT3,Y,2015-06-16T04:52:59+0000,GOOD,0
50,2015 Pony Express Re-ride Tracking Page,2015 Pony Express Re-ride Tracking Page,ACTIVE,0,7,TRUE,144,0,0,406904626,0-2452887,Pony Express 2015 reride,1434430975,TRACK,39.87098,-96.3165,SPOT3,Y,2015-06-16T05:02:55+0000,GOOD,0
50,2015 Pony Express Re-ride Tracking Page,2015 Pony Express Re-ride Tracking Page,ACTIVE,0,7,TRUE,144,0,0,406906220,0-2452887,Pony Express 2015 reride,1434431572,TRACK,39.87093,-96.35098,SPOT3,Y,2015-06-16T05:12:52+0000,GOOD,0
50,2015 Pony Express Re-ride Tracking Page,2015 Pony Express Re-ride Tracking Page,ACTIVE,0,7,TRUE,144,0,0,406907949,0-2452887,Pony Express 2015 reride,1434432167,TRACK,39.86368,-96.36118,SPOT3,Y,2015-06-16T05:22:47+0000,GOOD,0
50,2015 Pony Express Re-ride Tracking Page,2015 Pony Express Re-ride Tracking Page,ACTIVE,0,7,TRUE,144,0,0,406909767,0-2452887,Pony Express 2015 reride,1434432764,TRACK,39.86358,-96.383,SPOT3,Y,2015-06-16T05:32:44+0000,GOOD,0
50,2015 Pony Express Re-ride Tracking Page,2015 Pony Express Re-ride Tracking Page,ACTIVE,0,7,TRUE,156,0,0,406931526,0-2452887,Pony Express 2015 reride,1434441123,TRACK,39.87065,-96.56995,SPOT3,Y,2015-06-16T07:52:03+0000,GOOD,0
50,2015 Pony Express Re-ride Tracking Page,2015 Pony Express Re-ride Tracking Page,ACTIVE,0,7,TRUE,156,0,0,406933107,0-2452887,Pony Express 2015 reride,1434441721,TRACK,39.87074,-96.58368,SPOT3,Y,2015-06-16T08:02:01+0000,GOOD,0
50,2015 Pony Express Re-ride Tracking Page,2015 Pony Express Re-ride Tracking Page,ACTIVE,0,7,TRUE,156,0,0,406934640,0-2452887,Pony Express 2015 reride,1434442318,TRACK,39.87086,-96.60175,SPOT3,Y,2015-06-16T08:11:58+0000,GOOD,0
50,2015 Pony Express Re-ride Tracking Page,2015 Pony Express Re-ride Tracking Page,ACTIVE,0,7,TRUE,156,0,0,406935940,0-2452887,Pony Express 2015 reride,1434442916,TRACK,39.87021,-96.61969,SPOT3,Y,2015-06-16T08:21:56+0000,GOOD,0
50,2015 Pony Express Re-ride Tracking Page,2015 Pony Express Re-ride Tracking Page,ACTIVE,0,7,TRUE,156,0,0,406937433,0-2452887,Pony Express 2015 reride,1434443514,TRACK,39.85774,-96.61972,SPOT3,Y,2015-06-16T08:31:54+0000,GOOD,0
50,2015 Pony Express Re-ride Tracking Page,2015 Pony Express Re-ride Tracking Page,ACTIVE,0,7,TRUE,156,0,0,406939225,0-2452887,Pony Express 2015 reride,1434444143,TRACK,39.84654,-96.61984,SPOT3,Y,2015-06-16T08:42:23+0000,GOOD,0
50,2015 Pony Express Re-ride Tracking Page,2015 Pony Express Re-ride Tracking Page,ACTIVE,0,7,TRUE,156,0,0,406940528,0-2452887,Pony Express 2015 reride,1434444706,TRACK,39.84117,-96.61972,SPOT3,Y,2015-06-16T08:51:46+0000,GOOD,0
50,2015 Pony Express Re-ride Tracking Page,2015 Pony Express Re-ride Tracking Page,ACTIVE,0,7,TRUE,156,0,0,406943318,0-2452887,Pony Express 2015 reride,1434445298,TRACK,39.83982,-96.63945,SPOT3,Y,2015-06-16T09:01:38+0000,GOOD,0
50,2015 Pony Express Re-ride Tracking Page,2015 Pony Express Re-ride Tracking Page,ACTIVE,0,7,TRUE,156,0,0,406943307,0-2452887,Pony Express 2015 reride,1434445898,TRACK,39.84094,-96.64785,SPOT3,Y,2015-06-16T09:11:38+0000,GOOD,0
50,2015 Pony Express Re-ride Tracking Page,2015 Pony Express Re-ride Tracking Page,ACTIVE,0,7,TRUE,156,0,0,406944752,0-2452887,Pony Express 2015 reride,1434446524,TRACK,39.84139,-96.64794,SPOT3,Y,2015-06-16T09:22:04+0000,GOOD,0
50,2015 Pony Express Re-ride Tracking Page,2015 Pony Express Re-ride Tracking Page,ACTIVE,0,7,TRUE,156,0,0,406945860,0-2452887,Pony Express 2015 reride,1434447090,TRACK,39.84214,-96.64879,SPOT3,Y,2015-06-16T09:31:30+0000,GOOD,0
50,2015 Pony Express Re-ride Tracking Page,2015 Pony Express Re-ride Tracking Page,ACTIVE,0,7,TRUE,156,0,0,406949003,0-2452887,Pony Express 2015 reride,1434447685,TRACK,39.84934,-96.66956,SPOT3,Y,2015-06-16T09:41:25+0000,GOOD,0
50,2015 Pony Express Re-ride Tracking Page,2015 Pony Express Re-ride Tracking Page,ACTIVE,0,7,TRUE,156,0,0,406948980,0-2452887,Pony Express 2015 reride,1434448285,TRACK,39.85659,-96.69043,SPOT3,Y,2015-06-16T09:51:25+0000,GOOD,0
50,2015 Pony Express Re-ride Tracking Page,2015 Pony Express Re-ride Tracking Page,ACTIVE,0,7,TRUE,156,0,0,406950679,0-2452887,Pony Express 2015 reride,1434448885,TRACK,39.85661,-96.72281,SPOT3,Y,2015-06-16T10:01:25+0000,GOOD,0
50,2015 Pony Express Re-ride Tracking Page,2015 Pony Express Re-ride Tracking Page,ACTIVE,0,7,TRUE,156,0,0,406952219,0-2452887,Pony Express 2015 reride,1434449484,TRACK,39.8566,-96.75,SPOT3,Y,2015-06-16T10:11:24+0000,GOOD,0
50,2015 Pony Express Re-ride Tracking Page,2015 Pony Express Re-ride Tracking Page,ACTIVE,0,7,TRUE,156,0,0,406955744,0-2452887,Pony Express 2015 reride,1434450077,TRACK,39.8567,-96.78807,SPOT3,Y,2015-06-16T10:21:17+0000,GOOD,0
50,2015 Pony Express Re-ride Tracking Page,2015 Pony Express Re-ride Tracking Page,ACTIVE,0,7,TRUE,156,0,0,406955736,0-2452887,Pony Express 2015 reride,1434450677,TRACK,39.85833,-96.80618,SPOT3,Y,2015-06-16T10:31:17+0000,GOOD,0
50,2015 Pony Express Re-ride Tracking Page,2015 Pony Express Re-ride Tracking Page,ACTIVE,0,7,TRUE,156,0,0,406957360,0-2452887,Pony Express 2015 reride,1434451272,TRACK,39.88581,-96.8062,SPOT3,Y,2015-06-16T10:41:12+0000,GOOD,0
50,2015 Pony Express Re-ride Tracking Page,2015 Pony Express Re-ride Tracking Page,ACTIVE,0,7,TRUE,156,0,0,406960078,0-2452887,Pony Express 2015 reride,1434451986,TRACK,39.89988,-96.82474,SPOT3,Y,2015-06-16T10:53:06+0000,GOOD,0
50,2015 Pony Express Re-ride Tracking Page,2015 Pony Express Re-ride Tracking Page,ACTIVE,0,7,TRUE,156,0,0,406963717,0-2452887,Pony Express 2015 reride,1434452458,TRACK,39.90109,-96.84348,SPOT3,Y,2015-06-16T11:00:58+0000,GOOD,0
50,2015 Pony Express Re-ride Tracking Page,2015 Pony Express Re-ride Tracking Page,ACTIVE,0,7,TRUE,156,0,0,406963693,0-2452887,Pony Express 2015 reride,1434453058,TRACK,39.90126,-96.84348,SPOT3,Y,2015-06-16T11:10:58+0000,GOOD,0
50,2015 Pony Express Re-ride Tracking Page,2015 Pony Express Re-ride Tracking Page,ACTIVE,0,7,TRUE,156,0,0,406965640,0-2452887,Pony Express 2015 reride,1434453654,TRACK,39.90114,-96.8435,SPOT3,Y,2015-06-16T11:20:54+0000,GOOD,0
50,2015 Pony Express Re-ride Tracking Page,2015 Pony Express Re-ride Tracking Page,ACTIVE,0,7,TRUE,156,0,0,406967858,0-2452887,Pony Express 2015 reride,1434454402,TRACK,39.90125,-96.84344,SPOT3,Y,2015-06-16T11:33:22+0000,GOOD,0
50,2015 Pony Express Re-ride Tracking Page,2015 Pony Express Re-ride Tracking Page,ACTIVE,0,7,TRUE,156,0,0,406973141,0-2452887,Pony Express 2015 reride,1434455061,TRACK,39.91965,-96.84374,SPOT3,Y,2015-06-16T11:44:21+0000,GOOD,0
50,2015 Pony Express Re-ride Tracking Page,2015 Pony Express Re-ride Tracking Page,ACTIVE,0,7,TRUE,156,0,0,406973125,0-2452887,Pony Express 2015 reride,1434455661,TRACK,39.92939,-96.86279,SPOT3,Y,2015-06-16T11:54:21+0000,GOOD,0
50,2015 Pony Express Re-ride Tracking Page,2015 Pony Express Re-ride Tracking Page,ACTIVE,0,7,TRUE,156,0,0,406975345,0-2452887,Pony Express 2015 reride,1434456197,TRACK,39.94376,-96.88141,SPOT3,Y,2015-06-16T12:03:17+0000,GOOD,0
50,2015 Pony Express Re-ride Tracking Page,2015 Pony Express Re-ride Tracking Page,ACTIVE,0,7,TRUE,156,0,0,406977967,0-2452887,Pony Express 2015 reride,1434456796,TRACK,39.95626,-96.90024,SPOT3,Y,2015-06-16T12:13:16+0000,GOOD,0
50,2015 Pony Express Re-ride Tracking Page,2015 Pony Express Re-ride Tracking Page,ACTIVE,0,7,TRUE,156,0,0,406980383,0-2452887,Pony Express 2015 reride,1434457394,TRACK,39.98749,-96.90024,SPOT3,Y,2015-06-16T12:23:14+0000,GOOD,0
50,2015 Pony Express Re-ride Tracking Page,2015 Pony Express Re-ride Tracking Page,ACTIVE,0,7,TRUE,156,0,0,406985569,0-2452887,Pony Express 2015 reride,1434457991,TRACK,40.00155,-96.91298,SPOT3,Y,2015-06-16T12:33:11+0000,GOOD,0
50,2015 Pony Express Re-ride Tracking Page,2015 Pony Express Re-ride Tracking Page,ACTIVE,0,7,TRUE,156,0,0,406985537,0-2452887,Pony Express 2015 reride,1434458591,TRACK,40.00503,-96.93512,SPOT3,Y,2015-06-16T12:43:11+0000,GOOD,0
50,2015 Pony Express Re-ride Tracking Page,2015 Pony Express Re-ride Tracking Page,ACTIVE,0,7,TRUE,156,0,0,406988650,0-2452887,Pony Express 2015 reride,1434459264,TRACK,40.02446,-96.93494,SPOT3,Y,2015-06-16T12:54:24+0000,GOOD,0
50,2015 Pony Express Re-ride Tracking Page,2015 Pony Express Re-ride Tracking Page,ACTIVE,0,7,TRUE,156,0,0,406991625,0-2452887,Pony Express 2015 reride,1434459780,TRACK,40.04148,-96.93494,SPOT3,Y,2015-06-16T13:03:00+0000,GOOD,0
50,2015 Pony Express Re-ride Tracking Page,2015 Pony Express Re-ride Tracking Page,ACTIVE,0,7,TRUE,156,0,0,406994711,0-2452887,Pony Express 2015 reride,1434460379,TRACK,40.05957,-96.94434,SPOT3,Y,2015-06-16T13:12:59+0000,GOOD,0
50,2015 Pony Express Re-ride Tracking Page,2015 Pony Express Re-ride Tracking Page,ACTIVE,0,7,TRUE,156,0,0,407001528,0-2452887,Pony Express 2015 reride,1434460974,TRACK,40.05948,-96.96774,SPOT3,Y,2015-06-16T13:22:54+0000,GOOD,0
50,2015 Pony Express Re-ride Tracking Page,2015 Pony Express Re-ride Tracking Page,ACTIVE,0,7,TRUE,156,0,0,407001492,0-2452887,Pony Express 2015 reride,1434461574,TRACK,40.05952,-96.99203,SPOT3,Y,2015-06-16T13:32:54+0000,GOOD,0
50,2015 Pony Express Re-ride Tracking Page,2015 Pony Express Re-ride Tracking Page,ACTIVE,0,7,TRUE,156,0,0,407004702,0-2452887,Pony Express 2015 reride,1434462172,TRACK,40.08285,-97.01089,SPOT3,Y,2015-06-16T13:42:52+0000,GOOD,0
50,2015 Pony Express Re-ride Tracking Page,2015 Pony Express Re-ride Tracking Page,ACTIVE,0,7,TRUE,156,0,0,407009117,0-2452887,Pony Express 2015 reride,1434462894,TRACK,40.10286,-97.03809,SPOT3,Y,2015-06-16T13:54:54+0000,GOOD,0
50,2015 Pony Express Re-ride Tracking Page,2015 Pony Express Re-ride Tracking Page,ACTIVE,0,7,TRUE,156,0,0,407012002,0-2452887,Pony Express 2015 reride,1434463369,TRACK,40.10953,-97.05185,SPOT3,Y,2015-06-16T14:02:49+0000,GOOD,0
50,2015 Pony Express Re-ride Tracking Page,2015 Pony Express Re-ride Tracking Page,ACTIVE,0,7,TRUE,156,0,0,407400216,0-2452887,Pony Express 2015 reride,1434542339,TRACK,40.8607,-99.98322,SPOT3,Y,2015-06-17T11:58:59+0000,GOOD,0
50,2015 Pony Express Re-ride Tracking Page,2015 Pony Express Re-ride Tracking Page,ACTIVE,0,7,TRUE,156,0,0,407405898,0-2452887,Pony Express 2015 reride,1434542932,TRACK,40.81603,-100.00308,SPOT3,Y,2015-06-17T12:08:52+0000,GOOD,0
50,2015 Pony Express Re-ride Tracking Page,2015 Pony Express Re-ride Tracking Page,ACTIVE,0,7,TRUE,156,0,0,407405859,0-2452887,Pony Express 2015 reride,1434543532,TRACK,40.81603,-100.03381,SPOT3,Y,2015-06-17T12:18:52+0000,GOOD,0
50,2015 Pony Express Re-ride Tracking Page,2015 Pony Express Re-ride Tracking Page,ACTIVE,0,7,TRUE,156,0,0,407416268,0-2452887,Pony Express 2015 reride,1434544321,TRACK,40.83238,-100.05289,SPOT3,Y,2015-06-17T12:32:01+0000,GOOD,0
50,2015 Pony Express Re-ride Tracking Page,2015 Pony Express Re-ride Tracking Page,ACTIVE,0,7,TRUE,156,0,0,407416267,0-2452887,Pony Express 2015 reride,1434544921,TRACK,40.84508,-100.07194,SPOT3,Y,2015-06-17T12:42:01+0000,GOOD,0
50,2015 Pony Express Re-ride Tracking Page,2015 Pony Express Re-ride Tracking Page,ACTIVE,0,7,TRUE,156,0,0,407416231,0-2452887,Pony Express 2015 reride,1434545521,TRACK,40.84435,-100.1055,SPOT3,Y,2015-06-17T12:52:01+0000,GOOD,0
50,2015 Pony Express Re-ride Tracking Page,2015 Pony Express Re-ride Tracking Page,ACTIVE,0,7,TRUE,156,0,0,407418125,0-2452887,Pony Express 2015 reride,1434545911,TRACK,40.84416,-100.10986,SPOT3,Y,2015-06-17T12:58:31+0000,GOOD,0
50,2015 Pony Express Re-ride Tracking Page,2015 Pony Express Re-ride Tracking Page,ACTIVE,0,7,TRUE,156,0,0,407421468,0-2452887,Pony Express 2015 reride,1434546508,TRACK,40.8521,-100.12885,SPOT3,Y,2015-06-17T13:08:28+0000,GOOD,0
50,2015 Pony Express Re-ride Tracking Page,2015 Pony Express Re-ride Tracking Page,ACTIVE,0,7,TRUE,156,0,0,407432226,0-2452887,Pony Express 2015 reride,1434547092,TRACK,40.87309,-100.12961,SPOT3,Y,2015-06-17T13:18:12+0000,GOOD,0
50,2015 Pony Express Re-ride Tracking Page,2015 Pony Express Re-ride Tracking Page,ACTIVE,0,7,TRUE,156,0,0,407428581,0-2452887,Pony Express 2015 reride,1434547696,TRACK,40.88535,-100.14752,SPOT3,Y,2015-06-17T13:28:16+0000,GOOD,0
50,2015 Pony Express Re-ride Tracking Page,2015 Pony Express Re-ride Tracking Page,ACTIVE,0,7,TRUE,156,0,0,407432191,0-2452887,Pony Express 2015 reride,1434548292,TRACK,40.88527,-100.14755,SPOT3,Y,2015-06-17T13:38:12+0000,GOOD,0
50,2015 Pony Express Re-ride Tracking Page,2015 Pony Express Re-ride Tracking Page,ACTIVE,0,7,TRUE,156,0,0,407436226,0-2452887,Pony Express 2015 reride,1434548890,TRACK,40.88747,-100.16138,SPOT3,Y,2015-06-17T13:48:10+0000,GOOD,0
50,2015 Pony Express Re-ride Tracking Page,2015 Pony Express Re-ride Tracking Page,ACTIVE,0,7,TRUE,210,0,0,406934640,0-2452887,Pony Express 2015 reride,1434442318,TRACK,39.87086,-96.60175,SPOT3,Y,2015-06-16T08:11:58+0000,GOOD,0
50,2015 Pony Express Re-ride Tracking Page,2015 Pony Express Re-ride Tracking Page,ACTIVE,0,7,TRUE,210,0,0,406933107,0-2452887,Pony Express 2015 reride,1434441721,TRACK,39.87074,-96.58368,SPOT3,Y,2015-06-16T08:02:01+0000,GOOD,0
50,2015 Pony Express Re-ride Tracking Page,2015 Pony Express Re-ride Tracking Page,ACTIVE,0,7,TRUE,210,0,0,406931526,0-2452887,Pony Express 2015 reride,1434441123,TRACK,39.87065,-96.56995,SPOT3,Y,2015-06-16T07:52:03+0000,GOOD,0
50,2015 Pony Express Re-ride Tracking Page,2015 Pony Express Re-ride Tracking Page,ACTIVE,0,7,TRUE,210,0,0,406930401,0-2452887,Pony Express 2015 reride,1434440633,TRACK,39.87052,-96.55759,SPOT3,Y,2015-06-16T07:43:53+0000,GOOD,0
50,2015 Pony Express Re-ride Tracking Page,2015 Pony Express Re-ride Tracking Page,ACTIVE,0,7,TRUE,210,0,0,406928336,0-2452887,Pony Express 2015 reride,1434439927,TRACK,39.87051,-96.52057,SPOT3,Y,2015-06-16T07:32:07+0000,GOOD,0
50,2015 Pony Express Re-ride Tracking Page,2015 Pony Express Re-ride Tracking Page,ACTIVE,0,7,TRUE,210,0,0,406928357,0-2452887,Pony Express 2015 reride,1434439327,TRACK,39.87047,-96.50152,SPOT3,Y,2015-06-16T07:22:07+0000,GOOD,0
50,2015 Pony Express Re-ride Tracking Page,2015 Pony Express Re-ride Tracking Page,ACTIVE,0,7,TRUE,210,0,0,406925695,0-2452887,Pony Express 2015 reride,1434438733,TRACK,39.87047,-96.48239,SPOT3,Y,2015-06-16T07:12:13+0000,GOOD,0
50,2015 Pony Express Re-ride Tracking Page,2015 Pony Express Re-ride Tracking Page,ACTIVE,0,7,TRUE,210,0,0,406923987,0-2452887,Pony Express 2015 reride,1434438137,TRACK,39.87045,-96.45502,SPOT3,Y,2015-06-16T07:02:17+0000,GOOD,0
50,2015 Pony Express Re-ride Tracking Page,2015 Pony Express Re-ride Tracking Page,ACTIVE,0,7,TRUE,210,0,0,406922557,0-2452887,Pony Express 2015 reride,1434437537,TRACK,39.8634,-96.44365,SPOT3,Y,2015-06-16T06:52:17+0000,GOOD,0
50,2015 Pony Express Re-ride Tracking Page,2015 Pony Express Re-ride Tracking Page,ACTIVE,0,7,TRUE,210,0,0,406920991,0-2452887,Pony Express 2015 reride,1434436978,TRACK,39.86344,-96.42661,SPOT3,Y,2015-06-16T06:42:58+0000,GOOD,0
50,2015 Pony Express Re-ride Tracking Page,2015 Pony Express Re-ride Tracking Page,ACTIVE,0,7,TRUE,210,0,0,406919263,0-2452887,Pony Express 2015 reride,1434436344,TRACK,39.90903,-96.42654,SPOT3,Y,2015-06-16T06:32:24+0000,GOOD,0
50,2015 Pony Express Re-ride Tracking Page,2015 Pony Express Re-ride Tracking Page,ACTIVE,0,7,TRUE,210,0,0,406917771,0-2452887,Pony Express 2015 reride,1434435747,TRACK,39.90979,-96.41986,SPOT3,Y,2015-06-16T06:22:27+0000,GOOD,0
50,2015 Pony Express Re-ride Tracking Page,2015 Pony Express Re-ride Tracking Page,ACTIVE,0,7,TRUE,210,0,0,406916164,0-2452887,Pony Express 2015 reride,1434435150,TRACK,39.90968,-96.41986,SPOT3,Y,2015-06-16T06:12:30+0000,GOOD,0
50,2015 Pony Express Re-ride Tracking Page,2015 Pony Express Re-ride Tracking Page,ACTIVE,0,7,TRUE,210,0,0,406914655,0-2452887,Pony Express 2015 reride,1434434553,TRACK,39.90982,-96.42654,SPOT3,Y,2015-06-16T06:02:33+0000,GOOD,0
50,2015 Pony Express Re-ride Tracking Page,2015 Pony Express Re-ride Tracking Page,ACTIVE,0,7,TRUE,210,0,0,406913072,0-2452887,Pony Express 2015 reride,1434433987,TRACK,39.86342,-96.42657,SPOT3,Y,2015-06-16T05:53:07+0000,GOOD,0
50,2015 Pony Express Re-ride Tracking Page,2015 Pony Express Re-ride Tracking Page,ACTIVE,0,7,TRUE,210,0,0,406911526,0-2452887,Pony Express 2015 reride,1434433447,TRACK,39.86344,-96.40725,SPOT3,Y,2015-06-16T05:44:07+0000,GOOD,0
50,2015 Pony Express Re-ride Tracking Page,2015 Pony Express Re-ride Tracking Page,ACTIVE,0,7,TRUE,210,0,0,406909767,0-2452887,Pony Express 2015 reride,1434432764,TRACK,39.86358,-96.383,SPOT3,Y,2015-06-16T05:32:44+0000,GOOD,0
50,2015 Pony Express Re-ride Tracking Page,2015 Pony Express Re-ride Tracking Page,ACTIVE,0,7,TRUE,210,0,0,406907949,0-2452887,Pony Express 2015 reride,1434432167,TRACK,39.86368,-96.36118,SPOT3,Y,2015-06-16T05:22:47+0000,GOOD,0
50,2015 Pony Express Re-ride Tracking Page,2015 Pony Express Re-ride Tracking Page,ACTIVE,0,7,TRUE,210,0,0,406906220,0-2452887,Pony Express 2015 reride,1434431572,TRACK,39.87093,-96.35098,SPOT3,Y,2015-06-16T05:12:52+0000,GOOD,0
50,2015 Pony Express Re-ride Tracking Page,2015 Pony Express Re-ride Tracking Page,ACTIVE,0,7,TRUE,210,0,0,406904626,0-2452887,Pony Express 2015 reride,1434430975,TRACK,39.87098,-96.3165,SPOT3,Y,2015-06-16T05:02:55+0000,GOOD,0
50,2015 Pony Express Re-ride Tracking Page,2015 Pony Express Re-ride Tracking Page,ACTIVE,0,7,TRUE,210,0,0,406902753,0-2452887,Pony Express 2015 reride,1434430379,TRACK,39.87091,-96.2876,SPOT3,Y,2015-06-16T04:52:59+0000,GOOD,0
50,2015 Pony Express Re-ride Tracking Page,2015 Pony Express Re-ride Tracking Page,ACTIVE,0,7,TRUE,210,0,0,406900955,0-2452887,Pony Express 2015 reride,1434429783,TRACK,39.87092,-96.27469,SPOT3,Y,2015-06-16T04:43:03+0000,GOOD,0
50,2015 Pony Express Re-ride Tracking Page,2015 Pony Express Re-ride Tracking Page,ACTIVE,0,7,TRUE,210,0,0,406899744,0-2452887,Pony Express 2015 reride,1434429354,TRACK,39.87088,-96.25949,SPOT3,Y,2015-06-16T04:35:54+0000,GOOD,0
50,2015 Pony Express Re-ride Tracking Page,2015 Pony Express Re-ride Tracking Page,ACTIVE,0,7,TRUE,210,0,0,406897191,0-2452887,Pony Express 2015 reride,1434428589,TRACK,39.8708,-96.22732,SPOT3,Y,2015-06-16T04:23:09+0000,GOOD,0
50,2015 Pony Express Re-ride Tracking Page,2015 Pony Express Re-ride Tracking Page,ACTIVE,0,7,TRUE,210,0,0,406895399,0-2452887,Pony Express 2015 reride,1434427992,TRACK,39.87088,-96.19843,SPOT3,Y,2015-06-16T04:13:12+0000,GOOD,0
50,2015 Pony Express Re-ride Tracking Page,2015 Pony Express Re-ride Tracking Page,ACTIVE,0,7,TRUE,210,0,0,406893596,0-2452887,Pony Express 2015 reride,1434427395,TRACK,39.88524,-96.1828,SPOT3,Y,2015-06-16T04:03:15+0000,GOOD,0
50,2015 Pony Express Re-ride Tracking Page,2015 Pony Express Re-ride Tracking Page,ACTIVE,0,7,TRUE,210,0,0,406891515,0-2452887,Pony Express 2015 reride,1434426799,TRACK,39.88548,-96.16266,SPOT3,Y,2015-06-16T03:53:19+0000,GOOD,0
50,2015 Pony Express Re-ride Tracking Page,2015 Pony Express Re-ride Tracking Page,ACTIVE,0,7,TRUE,210,0,0,406889927,0-2452887,Pony Express 2015 reride,1434426305,TRACK,39.8855,-96.14645,SPOT3,Y,2015-06-16T03:45:05+0000,GOOD,0
50,2015 Pony Express Re-ride Tracking Page,2015 Pony Express Re-ride Tracking Page,ACTIVE,0,7,TRUE,210,0,0,406887929,0-2452887,Pony Express 2015 reride,1434425703,TRACK,39.88547,-96.1207,SPOT3,Y,2015-06-16T03:35:03+0000,GOOD,0
50,2015 Pony Express Re-ride Tracking Page,2015 Pony Express Re-ride Tracking Page,ACTIVE,0,7,TRUE,210,0,0,406885474,0-2452887,Pony Express 2015 reride,1434425003,TRACK,39.88501,-96.08972,SPOT3,Y,2015-06-16T03:23:23+0000,GOOD,0
50,2015 Pony Express Re-ride Tracking Page,2015 Pony Express Re-ride Tracking Page,ACTIVE,0,7,TRUE,210,0,0,406883417,0-2452887,Pony Express 2015 reride,1434424407,TRACK,39.86802,-96.08951,SPOT3,Y,2015-06-16T03:13:27+0000,GOOD,0
50,2015 Pony Express Re-ride Tracking Page,2015 Pony Express Re-ride Tracking Page,ACTIVE,0,7,TRUE,210,0,0,406881140,0-2452887,Pony Express 2015 reride,1434423811,TRACK,39.84929,-96.08942,SPOT3,Y,2015-06-16T03:03:31+0000,GOOD,0
50,2015 Pony Express Re-ride Tracking Page,2015 Pony Express Re-ride Tracking Page,ACTIVE,0,7,TRUE,210,0,0,406879098,0-2452887,Pony Express 2015 reride,1434423214,TRACK,39.84182,-96.08093,SPOT3,Y,2015-06-16T02:53:34+0000,GOOD,0
50,2015 Pony Express Re-ride Tracking Page,2015 Pony Express Re-ride Tracking Page,ACTIVE,0,7,TRUE,210,0,0,406876816,0-2452887,Pony Express 2015 reride,1434422618,TRACK,39.83612,-96.07489,SPOT3,Y,2015-06-16T02:43:38+0000,GOOD,0
50,2015 Pony Express Re-ride Tracking Page,2015 Pony Express Re-ride Tracking Page,ACTIVE,0,7,TRUE,210,0,0,406874814,0-2452887,Pony Express 2015 reride,1434422077,TRACK,39.83424,-96.06104,SPOT3,Y,2015-06-16T02:34:37+0000,GOOD,0
50,2015 Pony Express Re-ride Tracking Page,2015 Pony Express Re-ride Tracking Page,ACTIVE,0,7,TRUE,210,0,0,406872513,0-2452887,Pony Express 2015 reride,1434421421,TRACK,39.83426,-96.06088,SPOT3,Y,2015-06-16T02:23:41+0000,GOOD,0
50,2015 Pony Express Re-ride Tracking Page,2015 Pony Express Re-ride Tracking Page,ACTIVE,0,7,TRUE,210,0,0,406870065,0-2452887,Pony Express 2015 reride,1434420826,TRACK,39.83278,-96.0477,SPOT3,Y,2015-06-16T02:13:46+0000,GOOD,0
50,2015 Pony Express Re-ride Tracking Page,2015 Pony Express Re-ride Tracking Page,ACTIVE,0,7,TRUE,210,0,0,406867774,0-2452887,Pony Express 2015 reride,1434420226,TRACK,39.82682,-96.02148,SPOT3,Y,2015-06-16T02:03:46+0000,GOOD,0
50,2015 Pony Express Re-ride Tracking Page,2015 Pony Express Re-ride Tracking Page,ACTIVE,0,7,TRUE,210,0,0,406865463,0-2452887,Pony Express 2015 reride,1434419646,TRACK,39.82674,-95.99588,SPOT3,Y,2015-06-16T01:54:06+0000,GOOD,0
50,2015 Pony Express Re-ride Tracking Page,2015 Pony Express Re-ride Tracking Page,ACTIVE,0,7,TRUE,210,0,0,406862739,0-2452887,Pony Express 2015 reride,1434419032,TRACK,39.82629,-95.9769,SPOT3,Y,2015-06-16T01:43:52+0000,GOOD,0
50,2015 Pony Express Re-ride Tracking Page,2015 Pony Express Re-ride Tracking Page,ACTIVE,0,7,TRUE,210,0,0,406860672,0-2452887,Pony Express 2015 reride,1434418497,TRACK,39.798,-95.97647,SPOT3,Y,2015-06-16T01:34:57+0000,GOOD,0
50,2015 Pony Express Re-ride Tracking Page,2015 Pony Express Re-ride Tracking Page,ACTIVE,0,7,TRUE,210,0,0,406857989,0-2452887,Pony Express 2015 reride,1434417840,TRACK,39.79799,-95.97659,SPOT3,Y,2015-06-16T01:24:00+0000,GOOD,0
50,2015 Pony Express Re-ride Tracking Page,2015 Pony Express Re-ride Tracking Page,ACTIVE,0,7,TRUE,210,0,0,406855081,0-2452887,Pony Express 2015 reride,1434417244,TRACK,39.79362,-95.93926,SPOT3,Y,2015-06-16T01:14:04+0000,GOOD,0
50,2015 Pony Express Re-ride Tracking Page,2015 Pony Express Re-ride Tracking Page,ACTIVE,0,7,TRUE,210,0,0,406851895,0-2452887,Pony Express 2015 reride,1434416648,TRACK,39.78111,-95.92046,SPOT3,Y,2015-06-16T01:04:08+0000,GOOD,0
50,2015 Pony Express Re-ride Tracking Page,2015 Pony Express Re-ride Tracking Page,ACTIVE,0,7,TRUE,210,0,0,406849326,0-2452887,Pony Express 2015 reride,1434416054,TRACK,39.76894,-95.90886,SPOT3,Y,2015-06-16T00:54:14+0000,GOOD,0
50,2015 Pony Express Re-ride Tracking Page,2015 Pony Express Re-ride Tracking Page,ACTIVE,0,7,TRUE,210,0,0,406849359,0-2452887,Pony Express 2015 reride,1434415454,TRACK,39.76877,-95.88329,SPOT3,Y,2015-06-16T00:44:14+0000,GOOD,0
50,2015 Pony Express Re-ride Tracking Page,2015 Pony Express Re-ride Tracking Page,ACTIVE,0,7,TRUE,210,0,0,406849360,0-2452887,Pony Express 2015 reride,1434414854,TRACK,39.75448,-95.86466,SPOT3,Y,2015-06-16T00:34:14+0000,GOOD,0
50,2015 Pony Express Re-ride Tracking Page,2015 Pony Express Re-ride Tracking Page,ACTIVE,0,7,TRUE,210,0,0,406840844,0-2452887,Pony Express 2015 reride,1434414275,TRACK,39.74001,-95.85468,SPOT3,Y,2015-06-16T00:24:35+0000,GOOD,0
50,2015 Pony Express Re-ride Tracking Page,2015 Pony Express Re-ride Tracking Page,ACTIVE,0,7,TRUE,210,0,0,406837942,0-2452887,Pony Express 2015 reride,1434413675,TRACK,39.74004,-95.82626,SPOT3,Y,2015-06-16T00:14:35+0000,GOOD,0
50,2015 Pony Express Re-ride Tracking Page,2015 Pony Express Re-ride Tracking Page,ACTIVE,0,7,TRUE,210,0,0,406834965,0-2452887,Pony Express 2015 reride,1434413080,TRACK,39.72588,-95.80771,SPOT3,Y,2015-06-16T00:04:40+0000,GOOD,0
50,2015 Pony Express Re-ride Tracking Page,2015 Pony Express Re-ride Tracking Page,ACTIVE,0,7,TRUE,210,0,0,407469941,0-2452887,Pony Express 2015 reride,1434553223,TRACK,40.94553,-100.31909,SPOT3,Y,2015-06-17T15:00:23+0000,GOOD,0
50,2015 Pony Express Re-ride Tracking Page,2015 Pony Express Re-ride Tracking Page,ACTIVE,0,7,TRUE,210,0,0,407469942,0-2452887,Pony Express 2015 reride,1434552623,TRACK,40.94536,-100.2827,SPOT3,Y,2015-06-17T14:50:23+0000,GOOD,0
50,2015 Pony Express Re-ride Tracking Page,2015 Pony Express Re-ride Tracking Page,ACTIVE,0,7,TRUE,210,0,0,407440778,0-2452887,Pony Express 2015 reride,1434549633,TRACK,40.88742,-100.20288,SPOT3,Y,2015-06-17T14:00:33+0000,GOOD,0
50,2015 Pony Express Re-ride Tracking Page,2015 Pony Express Re-ride Tracking Page,ACTIVE,0,7,TRUE,210,0,0,407436226,0-2452887,Pony Express 2015 reride,1434548890,TRACK,40.88747,-100.16138,SPOT3,Y,2015-06-17T13:48:10+0000,GOOD,0
50,2015 Pony Express Re-ride Tracking Page,2015 Pony Express Re-ride Tracking Page,ACTIVE,0,7,TRUE,210,0,0,407432191,0-2452887,Pony Express 2015 reride,1434548292,TRACK,40.88527,-100.14755,SPOT3,Y,2015-06-17T13:38:12+0000,GOOD,0
50,2015 Pony Express Re-ride Tracking Page,2015 Pony Express Re-ride Tracking Page,ACTIVE,0,7,TRUE,210,0,0,407428581,0-2452887,Pony Express 2015 reride,1434547696,TRACK,40.88535,-100.14752,SPOT3,Y,2015-06-17T13:28:16+0000,GOOD,0
50,2015 Pony Express Re-ride Tracking Page,2015 Pony Express Re-ride Tracking Page,ACTIVE,0,7,TRUE,210,0,0,407432226,0-2452887,Pony Express 2015 reride,1434547092,TRACK,40.87309,-100.12961,SPOT3,Y,2015-06-17T13:18:12+0000,GOOD,0
50,2015 Pony Express Re-ride Tracking Page,2015 Pony Express Re-ride Tracking Page,ACTIVE,0,7,TRUE,210,0,0,407421468,0-2452887,Pony Express 2015 reride,1434546508,TRACK,40.8521,-100.12885,SPOT3,Y,2015-06-17T13:08:28+0000,GOOD,0
50,2015 Pony Express Re-ride Tracking Page,2015 Pony Express Re-ride Tracking Page,ACTIVE,0,7,TRUE,210,0,0,407418125,0-2452887,Pony Express 2015 reride,1434545911,TRACK,40.84416,-100.10986,SPOT3,Y,2015-06-17T12:58:31+0000,GOOD,0
50,2015 Pony Express Re-ride Tracking Page,2015 Pony Express Re-ride Tracking Page,ACTIVE,0,7,TRUE,210,0,0,407416231,0-2452887,Pony Express 2015 reride,1434545521,TRACK,40.84435,-100.1055,SPOT3,Y,2015-06-17T12:52:01+0000,GOOD,0
50,2015 Pony Express Re-ride Tracking Page,2015 Pony Express Re-ride Tracking Page,ACTIVE,0,7,TRUE,210,0,0,407416267,0-2452887,Pony Express 2015 reride,1434544921,TRACK,40.84508,-100.07194,SPOT3,Y,2015-06-17T12:42:01+0000,GOOD,0
50,2015 Pony Express Re-ride Tracking Page,2015 Pony Express Re-ride Tracking Page,ACTIVE,0,7,TRUE,210,0,0,407416268,0-2452887,Pony Express 2015 reride,1434544321,TRACK,40.83238,-100.05289,SPOT3,Y,2015-06-17T12:32:01+0000,GOOD,0
50,2015 Pony Express Re-ride Tracking Page,2015 Pony Express Re-ride Tracking Page,ACTIVE,0,7,TRUE,210,0,0,407405859,0-2452887,Pony Express 2015 reride,1434543532,TRACK,40.81603,-100.03381,SPOT3,Y,2015-06-17T12:18:52+0000,GOOD,0
50,2015 Pony Express Re-ride Tracking Page,2015 Pony Express Re-ride Tracking Page,ACTIVE,0,7,TRUE,210,0,0,407405898,0-2452887,Pony Express 2015 reride,1434542932,TRACK,40.81603,-100.00308,SPOT3,Y,2015-06-17T12:08:52+0000,GOOD,0
50,2015 Pony Express Re-ride Tracking Page,2015 Pony Express Re-ride Tracking Page,ACTIVE,0,7,TRUE,210,0,0,407400216,0-2452887,Pony Express 2015 reride,1434542339,TRACK,40.8607,-99.98322,SPOT3,Y,2015-06-17T11:58:59+0000,GOOD,0
50,2015 Pony Express Re-ride Tracking Page,2015 Pony Express Re-ride Tracking Page,ACTIVE,0,7,TRUE,210,0,0,407012002,0-2452887,Pony Express 2015 reride,1434463369,TRACK,40.10953,-97.05185,SPOT3,Y,2015-06-16T14:02:49+0000,GOOD,0
50,2015 Pony Express Re-ride Tracking Page,2015 Pony Express Re-ride Tracking Page,ACTIVE,0,7,TRUE,210,0,0,407009117,0-2452887,Pony Express 2015 reride,1434462894,TRACK,40.10286,-97.03809,SPOT3,Y,2015-06-16T13:54:54+0000,GOOD,0
50,2015 Pony Express Re-ride Tracking Page,2015 Pony Express Re-ride Tracking Page,ACTIVE,0,7,TRUE,210,0,0,407004702,0-2452887,Pony Express 2015 reride,1434462172,TRACK,40.08285,-97.01089,SPOT3,Y,2015-06-16T13:42:52+0000,GOOD,0
50,2015 Pony Express Re-ride Tracking Page,2015 Pony Express Re-ride Tracking Page,ACTIVE,0,7,TRUE,210,0,0,407001492,0-2452887,Pony Express 2015 reride,1434461574,TRACK,40.05952,-96.99203,SPOT3,Y,2015-06-16T13:32:54+0000,GOOD,0
50,2015 Pony Express Re-ride Tracking Page,2015 Pony Express Re-ride Tracking Page,ACTIVE,0,7,TRUE,210,0,0,407001528,0-2452887,Pony Express 2015 reride,1434460974,TRACK,40.05948,-96.96774,SPOT3,Y,2015-06-16T13:22:54+0000,GOOD,0
50,2015 Pony Express Re-ride Tracking Page,2015 Pony Express Re-ride Tracking Page,ACTIVE,0,7,TRUE,210,0,0,406994711,0-2452887,Pony Express 2015 reride,1434460379,TRACK,40.05957,-96.94434,SPOT3,Y,2015-06-16T13:12:59+0000,GOOD,0
50,2015 Pony Express Re-ride Tracking Page,2015 Pony Express Re-ride Tracking Page,ACTIVE,0,7,TRUE,210,0,0,406991625,0-2452887,Pony Express 2015 reride,1434459780,TRACK,40.04148,-96.93494,SPOT3,Y,2015-06-16T13:03:00+0000,GOOD,0
50,2015 Pony Express Re-ride Tracking Page,2015 Pony Express Re-ride Tracking Page,ACTIVE,0,7,TRUE,210,0,0,406988650,0-2452887,Pony Express 2015 reride,1434459264,TRACK,40.02446,-96.93494,SPOT3,Y,2015-06-16T12:54:24+0000,GOOD,0
50,2015 Pony Express Re-ride Tracking Page,2015 Pony Express Re-ride Tracking Page,ACTIVE,0,7,TRUE,210,0,0,406985537,0-2452887,Pony Express 2015 reride,1434458591,TRACK,40.00503,-96.93512,SPOT3,Y,2015-06-16T12:43:11+0000,GOOD,0
50,2015 Pony Express Re-ride Tracking Page,2015 Pony Express Re-ride Tracking Page,ACTIVE,0,7,TRUE,210,0,0,406985569,0-2452887,Pony Express 2015 reride,1434457991,TRACK,40.00155,-96.91298,SPOT3,Y,2015-06-16T12:33:11+0000,GOOD,0
50,2015 Pony Express Re-ride Tracking Page,2015 Pony Express Re-ride Tracking Page,ACTIVE,0,7,TRUE,210,0,0,406980383,0-2452887,Pony Express 2015 reride,1434457394,TRACK,39.98749,-96.90024,SPOT3,Y,2015-06-16T12:23:14+0000,GOOD,0
50,2015 Pony Express Re-ride Tracking Page,2015 Pony Express Re-ride Tracking Page,ACTIVE,0,7,TRUE,210,0,0,406977967,0-2452887,Pony Express 2015 reride,1434456796,TRACK,39.95626,-96.90024,SPOT3,Y,2015-06-16T12:13:16+0000,GOOD,0
50,2015 Pony Express Re-ride Tracking Page,2015 Pony Express Re-ride Tracking Page,ACTIVE,0,7,TRUE,210,0,0,406975345,0-2452887,Pony Express 2015 reride,1434456197,TRACK,39.94376,-96.88141,SPOT3,Y,2015-06-16T12:03:17+0000,GOOD,0
50,2015 Pony Express Re-ride Tracking Page,2015 Pony Express Re-ride Tracking Page,ACTIVE,0,7,TRUE,210,0,0,406973125,0-2452887,Pony Express 2015 reride,1434455661,TRACK,39.92939,-96.86279,SPOT3,Y,2015-06-16T11:54:21+0000,GOOD,0
50,2015 Pony Express Re-ride Tracking Page,2015 Pony Express Re-ride Tracking Page,ACTIVE,0,7,TRUE,210,0,0,406973141,0-2452887,Pony Express 2015 reride,1434455061,TRACK,39.91965,-96.84374,SPOT3,Y,2015-06-16T11:44:21+0000,GOOD,0
50,2015 Pony Express Re-ride Tracking Page,2015 Pony Express Re-ride Tracking Page,ACTIVE,0,7,TRUE,210,0,0,406967858,0-2452887,Pony Express 2015 reride,1434454402,TRACK,39.90125,-96.84344,SPOT3,Y,2015-06-16T11:33:22+0000,GOOD,0
50,2015 Pony Express Re-ride Tracking Page,2015 Pony Express Re-ride Tracking Page,ACTIVE,0,7,TRUE,210,0,0,406965640,0-2452887,Pony Express 2015 reride,1434453654,TRACK,39.90114,-96.8435,SPOT3,Y,2015-06-16T11:20:54+0000,GOOD,0
50,2015 Pony Express Re-ride Tracking Page,2015 Pony Express Re-ride Tracking Page,ACTIVE,0,7,TRUE,210,0,0,406963693,0-2452887,Pony Express 2015 reride,1434453058,TRACK,39.90126,-96.84348,SPOT3,Y,2015-06-16T11:10:58+0000,GOOD,0
50,2015 Pony Express Re-ride Tracking Page,2015 Pony Express Re-ride Tracking Page,ACTIVE,0,7,TRUE,210,0,0,406963717,0-2452887,Pony Express 2015 reride,1434452458,TRACK,39.90109,-96.84348,SPOT3,Y,2015-06-16T11:00:58+0000,GOOD,0
50,2015 Pony Express Re-ride Tracking Page,2015 Pony Express Re-ride Tracking Page,ACTIVE,0,7,TRUE,210,0,0,406960078,0-2452887,Pony Express 2015 reride,1434451986,TRACK,39.89988,-96.82474,SPOT3,Y,2015-06-16T10:53:06+0000,GOOD,0
50,2015 Pony Express Re-ride Tracking Page,2015 Pony Express Re-ride Tracking Page,ACTIVE,0,7,TRUE,210,0,0,406957360,0-2452887,Pony Express 2015 reride,1434451272,TRACK,39.88581,-96.8062,SPOT3,Y,2015-06-16T10:41:12+0000,GOOD,0
50,2015 Pony Express Re-ride Tracking Page,2015 Pony Express Re-ride Tracking Page,ACTIVE,0,7,TRUE,210,0,0,406955736,0-2452887,Pony Express 2015 reride,1434450677,TRACK,39.85833,-96.80618,SPOT3,Y,2015-06-16T10:31:17+0000,GOOD,0
50,2015 Pony Express Re-ride Tracking Page,2015 Pony Express Re-ride Tracking Page,ACTIVE,0,7,TRUE,210,0,0,406955744,0-2452887,Pony Express 2015 reride,1434450077,TRACK,39.8567,-96.78807,SPOT3,Y,2015-06-16T10:21:17+0000,GOOD,0
50,2015 Pony Express Re-ride Tracking Page,2015 Pony Express Re-ride Tracking Page,ACTIVE,0,7,TRUE,210,0,0,406952219,0-2452887,Pony Express 2015 reride,1434449484,TRACK,39.8566,-96.75,SPOT3,Y,2015-06-16T10:11:24+0000,GOOD,0
50,2015 Pony Express Re-ride Tracking Page,2015 Pony Express Re-ride Tracking Page,ACTIVE,0,7,TRUE,210,0,0,406950679,0-2452887,Pony Express 2015 reride,1434448885,TRACK,39.85661,-96.72281,SPOT3,Y,2015-06-16T10:01:25+0000,GOOD,0
50,2015 Pony Express Re-ride Tracking Page,2015 Pony Express Re-ride Tracking Page,ACTIVE,0,7,TRUE,210,0,0,406948980,0-2452887,Pony Express 2015 reride,1434448285,TRACK,39.85659,-96.69043,SPOT3,Y,2015-06-16T09:51:25+0000,GOOD,0
50,2015 Pony Express Re-ride Tracking Page,2015 Pony Express Re-ride Tracking Page,ACTIVE,0,7,TRUE,210,0,0,406949003,0-2452887,Pony Express 2015 reride,1434447685,TRACK,39.84934,-96.66956,SPOT3,Y,2015-06-16T09:41:25+0000,GOOD,0
50,2015 Pony Express Re-ride Tracking Page,2015 Pony Express Re-ride Tracking Page,ACTIVE,0,7,TRUE,210,0,0,406945860,0-2452887,Pony Express 2015 reride,1434447090,TRACK,39.84214,-96.64879,SPOT3,Y,2015-06-16T09:31:30+0000,GOOD,0
50,2015 Pony Express Re-ride Tracking Page,2015 Pony Express Re-ride Tracking Page,ACTIVE,0,7,TRUE,210,0,0,406944752,0-2452887,Pony Express 2015 reride,1434446524,TRACK,39.84139,-96.64794,SPOT3,Y,2015-06-16T09:22:04+0000,GOOD,0
50,2015 Pony Express Re-ride Tracking Page,2015 Pony Express Re-ride Tracking Page,ACTIVE,0,7,TRUE,210,0,0,406943307,0-2452887,Pony Express 2015 reride,1434445898,TRACK,39.84094,-96.64785,SPOT3,Y,2015-06-16T09:11:38+0000,GOOD,0
50,2015 Pony Express Re-ride Tracking Page,2015 Pony Express Re-ride Tracking Page,ACTIVE,0,7,TRUE,210,0,0,406943318,0-2452887,Pony Express 2015 reride,1434445298,TRACK,39.83982,-96.63945,SPOT3,Y,2015-06-16T09:01:38+0000,GOOD,0
50,2015 Pony Express Re-ride Tracking Page,2015 Pony Express Re-ride Tracking Page,ACTIVE,0,7,TRUE,210,0,0,406940528,0-2452887,Pony Express 2015 reride,1434444706,TRACK,39.84117,-96.61972,SPOT3,Y,2015-06-16T08:51:46+0000,GOOD,0
50,2015 Pony Express Re-ride Tracking Page,2015 Pony Express Re-ride Tracking Page,ACTIVE,0,7,TRUE,210,0,0,406939225,0-2452887,Pony Express 2015 reride,1434444143,TRACK,39.84654,-96.61984,SPOT3,Y,2015-06-16T08:42:23+0000,GOOD,0
50,2015 Pony Express Re-ride Tracking Page,2015 Pony Express Re-ride Tracking Page,ACTIVE,0,7,TRUE,210,0,0,406937433,0-2452887,Pony Express 2015 reride,1434443514,TRACK,39.85774,-96.61972,SPOT3,Y,2015-06-16T08:31:54+0000,GOOD,0
50,2015 Pony Express Re-ride Tracking Page,2015 Pony Express Re-ride Tracking Page,ACTIVE,0,7,TRUE,210,0,0,406935940,0-2452887,Pony Express 2015 reride,1434442916,TRACK,39.87021,-96.61969,SPOT3,Y,2015-06-16T08:21:56+0000,GOOD,0
50,2015 Pony Express Re-ride Tracking Page,2015 Pony Express Re-ride Tracking Page,ACTIVE,0,7,TRUE,303,0,0,407780781,0-2452887,Pony Express 2015 reride,1434608364,TRACK,41.09159,-102.47235,SPOT3,Y,2015-06-18T06:19:24+0000,GOOD,0
50,2015 Pony Express Re-ride Tracking Page,2015 Pony Express Re-ride Tracking Page,ACTIVE,0,7,TRUE,303,0,0,407780793,0-2452887,Pony Express 2015 reride,1434607764,TRACK,41.08395,-102.45484,SPOT3,Y,2015-06-18T06:09:24+0000,GOOD,0
50,2015 Pony Express Re-ride Tracking Page,2015 Pony Express Re-ride Tracking Page,ACTIVE,0,7,TRUE,303,0,0,407777363,0-2452887,Pony Express 2015 reride,1434607170,TRACK,41.07512,-102.43634,SPOT3,Y,2015-06-18T05:59:30+0000,GOOD,0
50,2015 Pony Express Re-ride Tracking Page,2015 Pony Express Re-ride Tracking Page,ACTIVE,0,7,TRUE,303,0,0,407775722,0-2452887,Pony Express 2015 reride,1434606573,TRACK,41.06123,-102.42056,SPOT3,Y,2015-06-18T05:49:33+0000,GOOD,0
50,2015 Pony Express Re-ride Tracking Page,2015 Pony Express Re-ride Tracking Page,ACTIVE,0,7,TRUE,303,0,0,407773958,0-2452887,Pony Express 2015 reride,1434606029,TRACK,41.04984,-102.41272,SPOT3,Y,2015-06-18T05:40:29+0000,GOOD,0
50,2015 Pony Express Re-ride Tracking Page,2015 Pony Express Re-ride Tracking Page,ACTIVE,0,7,TRUE,303,0,0,407772115,0-2452887,Pony Express 2015 reride,1434605378,TRACK,41.04401,-102.41183,SPOT3,Y,2015-06-18T05:29:38+0000,GOOD,0
50,2015 Pony Express Re-ride Tracking Page,2015 Pony Express Re-ride Tracking Page,ACTIVE,0,7,TRUE,303,0,0,407770257,0-2452887,Pony Express 2015 reride,1434604781,TRACK,41.02185,-102.41177,SPOT3,Y,2015-06-18T05:19:41+0000,GOOD,0
50,2015 Pony Express Re-ride Tracking Page,2015 Pony Express Re-ride Tracking Page,ACTIVE,0,7,TRUE,303,0,0,407768477,0-2452887,Pony Express 2015 reride,1434604184,TRACK,41.00434,-102.41177,SPOT3,Y,2015-06-18T05:09:44+0000,GOOD,0
50,2015 Pony Express Re-ride Tracking Page,2015 Pony Express Re-ride Tracking Page,ACTIVE,0,7,TRUE,303,0,0,407768488,0-2452887,Pony Express 2015 reride,1434603584,TRACK,40.98782,-102.40259,SPOT3,Y,2015-06-18T04:59:44+0000,GOOD,0
50,2015 Pony Express Re-ride Tracking Page,2015 Pony Express Re-ride Tracking Page,ACTIVE,0,7,TRUE,303,0,0,407764744,0-2452887,Pony Express 2015 reride,1434602993,TRACK,40.95535,-102.38763,SPOT3,Y,2015-06-18T04:49:53+0000,GOOD,0
50,2015 Pony Express Re-ride Tracking Page,2015 Pony Express Re-ride Tracking Page,ACTIVE,0,7,TRUE,303,0,0,407763046,0-2452887,Pony Express 2015 reride,1434602452,TRACK,40.93886,-102.37354,SPOT3,Y,2015-06-18T04:40:52+0000,GOOD,0
50,2015 Pony Express Re-ride Tracking Page,2015 Pony Express Re-ride Tracking Page,ACTIVE,0,7,TRUE,303,0,0,407761060,0-2452887,Pony Express 2015 reride,1434601797,TRACK,40.9389,-102.34143,SPOT3,Y,2015-06-18T04:29:57+0000,GOOD,0
50,2015 Pony Express Re-ride Tracking Page,2015 Pony Express Re-ride Tracking Page,ACTIVE,0,7,TRUE,303,0,0,407758980,0-2452887,Pony Express 2015 reride,1434601200,TRACK,40.93877,-102.32388,SPOT3,Y,2015-06-18T04:20:00+0000,GOOD,0
50,2015 Pony Express Re-ride Tracking Page,2015 Pony Express Re-ride Tracking Page,ACTIVE,0,7,TRUE,303,0,0,407757057,0-2452887,Pony Express 2015 reride,1434600605,TRACK,40.93991,-102.30219,SPOT3,Y,2015-06-18T04:10:05+0000,GOOD,0
50,2015 Pony Express Re-ride Tracking Page,2015 Pony Express Re-ride Tracking Page,ACTIVE,0,7,TRUE,303,0,0,407755081,0-2452887,Pony Express 2015 reride,1434600010,TRACK,40.95443,-102.2717,SPOT3,Y,2015-06-18T04:00:10+0000,GOOD,0
50,2015 Pony Express Re-ride Tracking Page,2015 Pony Express Re-ride Tracking Page,ACTIVE,0,7,TRUE,303,0,0,407752988,0-2452887,Pony Express 2015 reride,1434599415,TRACK,40.97295,-102.25034,SPOT3,Y,2015-06-18T03:50:15+0000,GOOD,0
50,2015 Pony Express Re-ride Tracking Page,2015 Pony Express Re-ride Tracking Page,ACTIVE,0,7,TRUE,303,0,0,407753011,0-2452887,Pony Express 2015 reride,1434598815,TRACK,40.98381,-102.21978,SPOT3,Y,2015-06-18T03:40:15+0000,GOOD,0
50,2015 Pony Express Re-ride Tracking Page,2015 Pony Express Re-ride Tracking Page,ACTIVE,0,7,TRUE,303,0,0,407747997,0-2452887,Pony Express 2015 reride,1434598220,TRACK,40.99897,-102.19485,SPOT3,Y,2015-06-18T03:30:20+0000,GOOD,0
50,2015 Pony Express Re-ride Tracking Page,2015 Pony Express Re-ride Tracking Page,ACTIVE,0,7,TRUE,303,0,0,407745147,0-2452887,Pony Express 2015 reride,1434597622,TRACK,41.01463,-102.17831,SPOT3,Y,2015-06-18T03:20:22+0000,GOOD,0
50,2015 Pony Express Re-ride Tracking Page,2015 Pony Express Re-ride Tracking Page,ACTIVE,0,7,TRUE,303,0,0,407743158,0-2452887,Pony Express 2015 reride,1434597030,TRACK,41.01943,-102.16895,SPOT3,Y,2015-06-18T03:10:30+0000,GOOD,0
50,2015 Pony Express Re-ride Tracking Page,2015 Pony Express Re-ride Tracking Page,ACTIVE,0,7,TRUE,303,0,0,407743173,0-2452887,Pony Express 2015 reride,1434596430,TRACK,41.01896,-102.12938,SPOT3,Y,2015-06-18T03:00:30+0000,GOOD,0
50,2015 Pony Express Re-ride Tracking Page,2015 Pony Express Re-ride Tracking Page,ACTIVE,0,7,TRUE,303,0,0,407739005,0-2452887,Pony Express 2015 reride,1434595949,TRACK,41.03356,-102.12766,SPOT3,Y,2015-06-18T02:52:29+0000,GOOD,0
50,2015 Pony Express Re-ride Tracking Page,2015 Pony Express Re-ride Tracking Page,ACTIVE,0,7,TRUE,303,0,0,407739023,0-2452887,Pony Express 2015 reride,1434595349,TRACK,41.03347,-102.07548,SPOT3,Y,2015-06-18T02:42:29+0000,GOOD,0
50,2015 Pony Express Re-ride Tracking Page,2015 Pony Express Re-ride Tracking Page,ACTIVE,0,7,TRUE,303,0,0,407732512,0-2452887,Pony Express 2015 reride,1434594267,TRACK,41.0331,-102.07117,SPOT3,Y,2015-06-18T02:24:27+0000,GOOD,0
50,2015 Pony Express Re-ride Tracking Page,2015 Pony Express Re-ride Tracking Page,ACTIVE,0,7,TRUE,303,0,0,407732538,0-2452887,Pony Express 2015 reride,1434593667,TRACK,41.0331,-102.07117,SPOT3,Y,2015-06-18T02:14:27+0000,GOOD,0
50,2015 Pony Express Re-ride Tracking Page,2015 Pony Express Re-ride Tracking Page,ACTIVE,0,7,TRUE,303,0,0,407727607,0-2452887,Pony Express 2015 reride,1434593076,TRACK,41.03307,-102.07108,SPOT3,Y,2015-06-18T02:04:36+0000,GOOD,0
50,2015 Pony Express Re-ride Tracking Page,2015 Pony Express Re-ride Tracking Page,ACTIVE,0,7,TRUE,303,0,0,407725252,0-2452887,Pony Express 2015 reride,1434592480,TRACK,41.04061,-102.05185,SPOT3,Y,2015-06-18T01:54:40+0000,GOOD,0
50,2015 Pony Express Re-ride Tracking Page,2015 Pony Express Re-ride Tracking Page,ACTIVE,0,7,TRUE,303,0,0,407722592,0-2452887,Pony Express 2015 reride,1434591885,TRACK,41.0474,-102.02496,SPOT3,Y,2015-06-18T01:44:45+0000,GOOD,0
50,2015 Pony Express Re-ride Tracking Page,2015 Pony Express Re-ride Tracking Page,ACTIVE,0,7,TRUE,303,0,0,407720233,0-2452887,Pony Express 2015 reride,1434591337,TRACK,41.04733,-101.98871,SPOT3,Y,2015-06-18T01:35:37+0000,GOOD,0
50,2015 Pony Express Re-ride Tracking Page,2015 Pony Express Re-ride Tracking Page,ACTIVE,0,7,TRUE,303,0,0,407718452,0-2452887,Pony Express 2015 reride,1434590923,TRACK,41.04771,-101.9599,SPOT3,Y,2015-06-18T01:28:43+0000,GOOD,0
50,2015 Pony Express Re-ride Tracking Page,2015 Pony Express Re-ride Tracking Page,ACTIVE,0,7,TRUE,303,0,0,407714517,0-2452887,Pony Express 2015 reride,1434590100,TRACK,41.06187,-101.95065,SPOT3,Y,2015-06-18T01:15:00+0000,GOOD,0
50,2015 Pony Express Re-ride Tracking Page,2015 Pony Express Re-ride Tracking Page,ACTIVE,0,7,TRUE,303,0,0,407711705,0-2452887,Pony Express 2015 reride,1434589499,TRACK,41.06194,-101.92661,SPOT3,Y,2015-06-18T01:04:59+0000,GOOD,0
50,2015 Pony Express Re-ride Tracking Page,2015 Pony Express Re-ride Tracking Page,ACTIVE,0,7,TRUE,303,0,0,407708790,0-2452887,Pony Express 2015 reride,1434588902,TRACK,41.07645,-101.91776,SPOT3,Y,2015-06-18T00:55:02+0000,GOOD,0
50,2015 Pony Express Re-ride Tracking Page,2015 Pony Express Re-ride Tracking Page,ACTIVE,0,7,TRUE,303,0,0,407708823,0-2452887,Pony Express 2015 reride,1434588302,TRACK,41.07636,-101.88798,SPOT3,Y,2015-06-18T00:45:02+0000,GOOD,0
50,2015 Pony Express Re-ride Tracking Page,2015 Pony Express Re-ride Tracking Page,ACTIVE,0,7,TRUE,303,0,0,407702960,0-2452887,Pony Express 2015 reride,1434587761,TRACK,41.07651,-101.84695,SPOT3,Y,2015-06-18T00:36:01+0000,GOOD,0
50,2015 Pony Express Re-ride Tracking Page,2015 Pony Express Re-ride Tracking Page,ACTIVE,0,7,TRUE,303,0,0,407699939,0-2452887,Pony Express 2015 reride,1434587116,TRACK,41.07652,-101.82584,SPOT3,Y,2015-06-18T00:25:16+0000,GOOD,0
50,2015 Pony Express Re-ride Tracking Page,2015 Pony Express Re-ride Tracking Page,ACTIVE,0,7,TRUE,303,0,0,407696596,0-2452887,Pony Express 2015 reride,1434586522,TRACK,41.08975,-101.80667,SPOT3,Y,2015-06-18T00:15:22+0000,GOOD,0
50,2015 Pony Express Re-ride Tracking Page,2015 Pony Express Re-ride Tracking Page,ACTIVE,0,7,TRUE,303,0,0,407693363,0-2452887,Pony Express 2015 reride,1434585924,TRACK,41.09106,-101.78802,SPOT3,Y,2015-06-18T00:05:24+0000,GOOD,0
50,2015 Pony Express Re-ride Tracking Page,2015 Pony Express Re-ride Tracking Page,ACTIVE,0,7,TRUE,303,0,0,407690093,0-2452887,Pony Express 2015 reride,1434585326,TRACK,41.09112,-101.76892,SPOT3,Y,2015-06-17T23:55:26+0000,GOOD,0
50,2015 Pony Express Re-ride Tracking Page,2015 Pony Express Re-ride Tracking Page,ACTIVE,0,7,TRUE,303,0,0,407686726,0-2452887,Pony Express 2015 reride,1434584728,TRACK,41.10313,-101.74921,SPOT3,Y,2015-06-17T23:45:28+0000,GOOD,0
50,2015 Pony Express Re-ride Tracking Page,2015 Pony Express Re-ride Tracking Page,ACTIVE,0,7,TRUE,303,0,0,407683813,0-2452887,Pony Express 2015 reride,1434584219,TRACK,41.1054,-101.72009,SPOT3,Y,2015-06-17T23:36:59+0000,GOOD,0
50,2015 Pony Express Re-ride Tracking Page,2015 Pony Express Re-ride Tracking Page,ACTIVE,0,7,TRUE,303,0,0,407682553,0-2452887,Pony Express 2015 reride,1434584009,TRACK,41.10536,-101.72012,SPOT3,Y,2015-06-17T23:33:29+0000,GOOD,0
50,2015 Pony Express Re-ride Tracking Page,2015 Pony Express Re-ride Tracking Page,ACTIVE,0,7,TRUE,303,0,0,407679130,0-2452887,Pony Express 2015 reride,1434583409,TRACK,41.10559,-101.6889,SPOT3,Y,2015-06-17T23:23:29+0000,GOOD,0
50,2015 Pony Express Re-ride Tracking Page,2015 Pony Express Re-ride Tracking Page,ACTIVE,0,7,TRUE,303,0,0,407675930,0-2452887,Pony Express 2015 reride,1434582813,TRACK,41.10564,-101.65253,SPOT3,Y,2015-06-17T23:13:33+0000,GOOD,0
50,2015 Pony Express Re-ride Tracking Page,2015 Pony Express Re-ride Tracking Page,ACTIVE,0,7,TRUE,303,0,0,407672369,0-2452887,Pony Express 2015 reride,1434582217,TRACK,41.10559,-101.62506,SPOT3,Y,2015-06-17T23:03:37+0000,GOOD,0
50,2015 Pony Express Re-ride Tracking Page,2015 Pony Express Re-ride Tracking Page,ACTIVE,0,7,TRUE,303,0,0,407668739,0-2452887,Pony Express 2015 reride,1434581621,TRACK,41.10561,-101.59604,SPOT3,Y,2015-06-17T22:53:41+0000,GOOD,0
50,2015 Pony Express Re-ride Tracking Page,2015 Pony Express Re-ride Tracking Page,ACTIVE,0,7,TRUE,303,0,0,407665580,0-2452887,Pony Express 2015 reride,1434581076,TRACK,41.10564,-101.57175,SPOT3,Y,2015-06-17T22:44:36+0000,GOOD,0
50,2015 Pony Express Re-ride Tracking Page,2015 Pony Express Re-ride Tracking Page,ACTIVE,0,7,TRUE,303,0,0,407665614,0-2452887,Pony Express 2015 reride,1434580476,TRACK,41.10564,-101.54077,SPOT3,Y,2015-06-17T22:34:36+0000,GOOD,0
50,2015 Pony Express Re-ride Tracking Page,2015 Pony Express Re-ride Tracking Page,ACTIVE,0,7,TRUE,303,0,0,407657810,0-2452887,Pony Express 2015 reride,1434579837,TRACK,41.10553,-101.50931,SPOT3,Y,2015-06-17T22:23:57+0000,GOOD,0
50,2015 Pony Express Re-ride Tracking Page,2015 Pony Express Re-ride Tracking Page,ACTIVE,0,7,TRUE,303,0,0,407654194,0-2452887,Pony Express 2015 reride,1434579243,TRACK,41.09653,-101.48105,SPOT3,Y,2015-06-17T22:14:03+0000,GOOD,0
50,2015 Pony Express Re-ride Tracking Page,2015 Pony Express Re-ride Tracking Page,ACTIVE,0,7,TRUE,303,0,0,407654244,0-2452887,Pony Express 2015 reride,1434578643,TRACK,41.09108,-101.44311,SPOT3,Y,2015-06-17T22:04:03+0000,GOOD,0
50,2015 Pony Express Re-ride Tracking Page,2015 Pony Express Re-ride Tracking Page,ACTIVE,0,7,TRUE,303,0,0,407648244,0-2452887,Pony Express 2015 reride,1434578277,TRACK,41.091,-101.41742,SPOT3,Y,2015-06-17T21:57:57+0000,GOOD,0
50,2015 Pony Express Re-ride Tracking Page,2015 Pony Express Re-ride Tracking Page,ACTIVE,0,7,TRUE,303,0,0,407642816,0-2452887,Pony Express 2015 reride,1434577453,TRACK,41.09101,-101.3851,SPOT3,Y,2015-06-17T21:44:13+0000,GOOD,0
50,2015 Pony Express Re-ride Tracking Page,2015 Pony Express Re-ride Tracking Page,ACTIVE,0,7,TRUE,303,0,0,407639531,0-2452887,Pony Express 2015 reride,1434576966,TRACK,41.09093,-101.36023,SPOT3,Y,2015-06-17T21:36:06+0000,GOOD,0
50,2015 Pony Express Re-ride Tracking Page,2015 Pony Express Re-ride Tracking Page,ACTIVE,0,7,TRUE,303,0,0,407635913,0-2452887,Pony Express 2015 reride,1434576420,TRACK,41.09096,-101.33777,SPOT3,Y,2015-06-17T21:27:00+0000,GOOD,0
50,2015 Pony Express Re-ride Tracking Page,2015 Pony Express Re-ride Tracking Page,ACTIVE,0,7,TRUE,303,0,0,407631837,0-2452887,Pony Express 2015 reride,1434575770,TRACK,41.09093,-101.28931,SPOT3,Y,2015-06-17T21:16:10+0000,GOOD,0
50,2015 Pony Express Re-ride Tracking Page,2015 Pony Express Re-ride Tracking Page,ACTIVE,0,7,TRUE,303,0,0,407627755,0-2452887,Pony Express 2015 reride,1434575171,TRACK,41.09092,-101.25784,SPOT3,Y,2015-06-17T21:06:11+0000,GOOD,0
50,2015 Pony Express Re-ride Tracking Page,2015 Pony Express Re-ride Tracking Page,ACTIVE,0,7,TRUE,303,0,0,407623466,0-2452887,Pony Express 2015 reride,1434574573,TRACK,41.09094,-101.20743,SPOT3,Y,2015-06-17T20:56:13+0000,GOOD,0
50,2015 Pony Express Re-ride Tracking Page,2015 Pony Express Re-ride Tracking Page,ACTIVE,0,7,TRUE,303,0,0,407619323,0-2452887,Pony Express 2015 reride,1434574012,TRACK,41.09858,-101.17459,SPOT3,Y,2015-06-17T20:46:52+0000,GOOD,0
50,2015 Pony Express Re-ride Tracking Page,2015 Pony Express Re-ride Tracking Page,ACTIVE,0,7,TRUE,303,0,0,407619371,0-2452887,Pony Express 2015 reride,1434573412,TRACK,41.11978,-101.15863,SPOT3,Y,2015-06-17T20:36:52+0000,GOOD,0
50,2015 Pony Express Re-ride Tracking Page,2015 Pony Express Re-ride Tracking Page,ACTIVE,0,7,TRUE,303,0,0,407611392,0-2452887,Pony Express 2015 reride,1434572844,TRACK,41.12377,-101.12479,SPOT3,Y,2015-06-17T20:27:24+0000,GOOD,0
50,2015 Pony Express Re-ride Tracking Page,2015 Pony Express Re-ride Tracking Page,ACTIVE,0,7,TRUE,303,0,0,407606624,0-2452887,Pony Express 2015 reride,1434572188,TRACK,41.11971,-101.09061,SPOT3,Y,2015-06-17T20:16:28+0000,GOOD,0
50,2015 Pony Express Re-ride Tracking Page,2015 Pony Express Re-ride Tracking Page,ACTIVE,0,7,TRUE,303,0,0,407602444,0-2452887,Pony Express 2015 reride,1434571594,TRACK,41.11969,-101.05856,SPOT3,Y,2015-06-17T20:06:34+0000,GOOD,0
50,2015 Pony Express Re-ride Tracking Page,2015 Pony Express Re-ride Tracking Page,ACTIVE,0,7,TRUE,303,0,0,407597779,0-2452887,Pony Express 2015 reride,1434570998,TRACK,41.1198,-101.01898,SPOT3,Y,2015-06-17T19:56:38+0000,GOOD,0
50,2015 Pony Express Re-ride Tracking Page,2015 Pony Express Re-ride Tracking Page,ACTIVE,0,7,TRUE,303,0,0,407593635,0-2452887,Pony Express 2015 reride,1434570407,TRACK,41.11985,-100.97589,SPOT3,Y,2015-06-17T19:46:47+0000,GOOD,0
50,2015 Pony Express Re-ride Tracking Page,2015 Pony Express Re-ride Tracking Page,ACTIVE,0,7,TRUE,303,0,0,407589700,0-2452887,Pony Express 2015 reride,1434569810,TRACK,41.11959,-100.94009,SPOT3,Y,2015-06-17T19:36:50+0000,GOOD,0
50,2015 Pony Express Re-ride Tracking Page,2015 Pony Express Re-ride Tracking Page,ACTIVE,0,7,TRUE,303,0,0,407589734,0-2452887,Pony Express 2015 reride,1434569210,TRACK,41.11925,-100.89529,SPOT3,Y,2015-06-17T19:26:50+0000,GOOD,0
50,2015 Pony Express Re-ride Tracking Page,2015 Pony Express Re-ride Tracking Page,ACTIVE,0,7,TRUE,303,0,0,407580781,0-2452887,Pony Express 2015 reride,1434568625,TRACK,41.11579,-100.84894,SPOT3,Y,2015-06-17T19:17:05+0000,GOOD,0
50,2015 Pony Express Re-ride Tracking Page,2015 Pony Express Re-ride Tracking Page,ACTIVE,0,7,TRUE,303,0,0,407576627,0-2452887,Pony Express 2015 reride,1434568024,TRACK,41.09844,-100.84882,SPOT3,Y,2015-06-17T19:07:04+0000,GOOD,0
50,2015 Pony Express Re-ride Tracking Page,2015 Pony Express Re-ride Tracking Page,ACTIVE,0,7,TRUE,303,0,0,407572343,0-2452887,Pony Express 2015 reride,1434567483,TRACK,41.09029,-100.84875,SPOT3,Y,2015-06-17T18:58:03+0000,GOOD,0
50,2015 Pony Express Re-ride Tracking Page,2015 Pony Express Re-ride Tracking Page,ACTIVE,0,7,TRUE,303,0,0,407572392,0-2452887,Pony Express 2015 reride,1434566883,TRACK,41.09025,-100.81519,SPOT3,Y,2015-06-17T18:48:03+0000,GOOD,0
50,2015 Pony Express Re-ride Tracking Page,2015 Pony Express Re-ride Tracking Page,ACTIVE,0,7,TRUE,303,0,0,407563148,0-2452887,Pony Express 2015 reride,1434566231,TRACK,41.09025,-100.7887,SPOT3,Y,2015-06-17T18:37:11+0000,GOOD,0
50,2015 Pony Express Re-ride Tracking Page,2015 Pony Express Re-ride Tracking Page,ACTIVE,0,7,TRUE,303,0,0,407559127,0-2452887,Pony Express 2015 reride,1434565715,TRACK,41.09023,-100.76529,SPOT3,Y,2015-06-17T18:28:35+0000,GOOD,0
50,2015 Pony Express Re-ride Tracking Page,2015 Pony Express Re-ride Tracking Page,ACTIVE,0,7,TRUE,303,0,0,407553927,0-2452887,Pony Express 2015 reride,1434565037,TRACK,41.09021,-100.72632,SPOT3,Y,2015-06-17T18:17:17+0000,GOOD,0
50,2015 Pony Express Re-ride Tracking Page,2015 Pony Express Re-ride Tracking Page,ACTIVE,0,7,TRUE,303,0,0,407549413,0-2452887,Pony Express 2015 reride,1434564440,TRACK,41.09025,-100.69305,SPOT3,Y,2015-06-17T18:07:20+0000,GOOD,0
50,2015 Pony Express Re-ride Tracking Page,2015 Pony Express Re-ride Tracking Page,ACTIVE,0,7,TRUE,303,0,0,407545097,0-2452887,Pony Express 2015 reride,1434563843,TRACK,41.09026,-100.6669,SPOT3,Y,2015-06-17T17:57:23+0000,GOOD,0
50,2015 Pony Express Re-ride Tracking Page,2015 Pony Express Re-ride Tracking Page,ACTIVE,0,7,TRUE,303,0,0,407539696,0-2452887,Pony Express 2015 reride,1434563246,TRACK,41.07479,-100.65192,SPOT3,Y,2015-06-17T17:47:26+0000,GOOD,0
50,2015 Pony Express Re-ride Tracking Page,2015 Pony Express Re-ride Tracking Page,ACTIVE,0,7,TRUE,303,0,0,407535483,0-2452887,Pony Express 2015 reride,1434562686,TRACK,41.06333,-100.63922,SPOT3,Y,2015-06-17T17:38:06+0000,GOOD,0
50,2015 Pony Express Re-ride Tracking Page,2015 Pony Express Re-ride Tracking Page,ACTIVE,0,7,TRUE,303,0,0,407535525,0-2452887,Pony Express 2015 reride,1434562086,TRACK,41.06127,-100.62643,SPOT3,Y,2015-06-17T17:28:06+0000,GOOD,0
50,2015 Pony Express Re-ride Tracking Page,2015 Pony Express Re-ride Tracking Page,ACTIVE,0,7,TRUE,303,0,0,407535526,0-2452887,Pony Express 2015 reride,1434561486,TRACK,41.04711,-100.6012,SPOT3,Y,2015-06-17T17:18:06+0000,GOOD,0
50,2015 Pony Express Re-ride Tracking Page,2015 Pony Express Re-ride Tracking Page,ACTIVE,0,7,TRUE,303,0,0,407521885,0-2452887,Pony Express 2015 reride,1434560861,TRACK,41.03585,-100.57599,SPOT3,Y,2015-06-17T17:07:41+0000,GOOD,0
50,2015 Pony Express Re-ride Tracking Page,2015 Pony Express Re-ride Tracking Page,ACTIVE,0,7,TRUE,303,0,0,407517418,0-2452887,Pony Express 2015 reride,1434560266,TRACK,41.03173,-100.56635,SPOT3,Y,2015-06-17T16:57:46+0000,GOOD,0
50,2015 Pony Express Re-ride Tracking Page,2015 Pony Express Re-ride Tracking Page,ACTIVE,0,7,TRUE,303,0,0,407512743,0-2452887,Pony Express 2015 reride,1434559667,TRACK,41.02977,-100.54654,SPOT3,Y,2015-06-17T16:47:47+0000,GOOD,0
50,2015 Pony Express Re-ride Tracking Page,2015 Pony Express Re-ride Tracking Page,ACTIVE,0,7,TRUE,303,0,0,407508192,0-2452887,Pony Express 2015 reride,1434559068,TRACK,41.02374,-100.53668,SPOT3,Y,2015-06-17T16:37:48+0000,GOOD,0
50,2015 Pony Express Re-ride Tracking Page,2015 Pony Express Re-ride Tracking Page,ACTIVE,0,7,TRUE,303,0,0,407504434,0-2452887,Pony Express 2015 reride,1434558561,TRACK,41.01644,-100.51801,SPOT3,Y,2015-06-17T16:29:21+0000,GOOD,0
50,2015 Pony Express Re-ride Tracking Page,2015 Pony Express Re-ride Tracking Page,ACTIVE,0,7,TRUE,303,0,0,407500871,0-2452887,Pony Express 2015 reride,1434558099,TRACK,41.00812,-100.50061,SPOT3,Y,2015-06-17T16:21:39+0000,GOOD,0
50,2015 Pony Express Re-ride Tracking Page,2015 Pony Express Re-ride Tracking Page,ACTIVE,0,7,TRUE,303,0,0,407494708,0-2452887,Pony Express 2015 reride,1434557273,TRACK,40.99451,-100.47202,SPOT3,Y,2015-06-17T16:07:53+0000,GOOD,0
50,2015 Pony Express Re-ride Tracking Page,2015 Pony Express Re-ride Tracking Page,ACTIVE,0,7,TRUE,303,0,0,407490401,0-2452887,Pony Express 2015 reride,1434556674,TRACK,40.9882,-100.44333,SPOT3,Y,2015-06-17T15:57:54+0000,GOOD,0
50,2015 Pony Express Re-ride Tracking Page,2015 Pony Express Re-ride Tracking Page,ACTIVE,0,7,TRUE,303,0,0,407485786,0-2452887,Pony Express 2015 reride,1434556076,TRACK,40.98572,-100.41516,SPOT3,Y,2015-06-17T15:47:56+0000,GOOD,0
50,2015 Pony Express Re-ride Tracking Page,2015 Pony Express Re-ride Tracking Page,ACTIVE,0,7,TRUE,303,0,0,407481655,0-2452887,Pony Express 2015 reride,1434555478,TRACK,40.97498,-100.41516,SPOT3,Y,2015-06-17T15:37:58+0000,GOOD,0
50,2015 Pony Express Re-ride Tracking Page,2015 Pony Express Re-ride Tracking Page,ACTIVE,0,7,TRUE,303,0,0,407485838,0-2452887,Pony Express 2015 reride,1434554876,TRACK,40.97486,-100.38074,SPOT3,Y,2015-06-17T15:27:56+0000,GOOD,0
50,2015 Pony Express Re-ride Tracking Page,2015 Pony Express Re-ride Tracking Page,ACTIVE,0,7,TRUE,303,0,0,407473085,0-2452887,Pony Express 2015 reride,1434554278,TRACK,40.97466,-100.34534,SPOT3,Y,2015-06-17T15:17:58+0000,GOOD,0
50,2015 Pony Express Re-ride Tracking Page,2015 Pony Express Re-ride Tracking Page,ACTIVE,0,7,TRUE,303,0,0,407469892,0-2452887,Pony Express 2015 reride,1434553823,TRACK,40.96458,-100.33875,SPOT3,Y,2015-06-17T15:10:23+0000,GOOD,0
50,2015 Pony Express Re-ride Tracking Page,2015 Pony Express Re-ride Tracking Page,ACTIVE,0,7,TRUE,303,0,0,407469941,0-2452887,Pony Express 2015 reride,1434553223,TRACK,40.94553,-100.31909,SPOT3,Y,2015-06-17T15:00:23+0000,GOOD,0
50,2015 Pony Express Re-ride Tracking Page,2015 Pony Express Re-ride Tracking Page,ACTIVE,0,7,TRUE,303,0,0,407469942,0-2452887,Pony Express 2015 reride,1434552623,TRACK,40.94536,-100.2827,SPOT3,Y,2015-06-17T14:50:23+0000,GOOD,0
50,2015 Pony Express Re-ride Tracking Page,2015 Pony Express Re-ride Tracking Page,ACTIVE,0,7,TRUE,303,0,0,407440778,0-2452887,Pony Express 2015 reride,1434549633,TRACK,40.88742,-100.20288,SPOT3,Y,2015-06-17T14:00:33+0000,GOOD,0
50,2015 Pony Express Re-ride Tracking Page,2015 Pony Express Re-ride Tracking Page,ACTIVE,0,7,TRUE,303,0,0,407436226,0-2452887,Pony Express 2015 reride,1434548890,TRACK,40.88747,-100.16138,SPOT3,Y,2015-06-17T13:48:10+0000,GOOD,0
50,2015 Pony Express Re-ride Tracking Page,2015 Pony Express Re-ride Tracking Page,ACTIVE,0,7,TRUE,303,0,0,407432191,0-2452887,Pony Express 2015 reride,1434548292,TRACK,40.88527,-100.14755,SPOT3,Y,2015-06-17T13:38:12+0000,GOOD,0
50,2015 Pony Express Re-ride Tracking Page,2015 Pony Express Re-ride Tracking Page,ACTIVE,0,7,TRUE,303,0,0,407428581,0-2452887,Pony Express 2015 reride,1434547696,TRACK,40.88535,-100.14752,SPOT3,Y,2015-06-17T13:28:16+0000,GOOD,0
50,2015 Pony Express Re-ride Tracking Page,2015 Pony Express Re-ride Tracking Page,ACTIVE,0,7,TRUE,303,0,0,407432226,0-2452887,Pony Express 2015 reride,1434547092,TRACK,40.87309,-100.12961,SPOT3,Y,2015-06-17T13:18:12+0000,GOOD,0